symbol,name,industry,price,marketCap,volume,dollarVolume,lastTradeDate,peRatio,forwardPE,pbRatio,psRatio,pegRatio,earningsYield,eps,epsGrowth,revenue,revenueGrowth,netIncome,netIncomeGrowth,netMargin,roe,roa,debtEquity,netDebtEquity,dividendYield,payoutRatio,beta,analystRating,analystCount,priceTarget,upsidePct,ch1y,price1m,price3m,price6m,priceYTD,week52High,week52Low,earningsDate,exDividendDate
COMI,Commercial International Bank Egypt (CIB) S.A.E.,Commercial Banks,125.16,424450000000.0,3345837,418764959,2026-10-07,6.43,5.59,1.78758,3.06244,0.44682,15.59,19.46,22.261,139170000000.0,24.412,66450000000.0,44.613,47.75,42.45,5.86,0.167,-0.784,4.81,33.48,0.55,Buy,10,180.11,43.9,31.06,141,129.71,126.9,103,145.01,93.636,"Nov 3, 2026","Apr 7, 2026"
ETEL,Telecom Egypt Company,"Telephone Communications, Except Radiotelephone",149.88,252650000000.0,851694,127651897,2026-10-07,10.24,8.16,3.47318,2.21596,0.4293,9.87,14.8,107.677,115460000000.0,22.366,25270000000.0,94.755,21.89,43.37,9.49,0.989,0.88,1.01,9.33,0.69,Buy,4,134.94,-9.97,205.88,115.99,92.77,88.9,65.77,156,47.3,"Nov 12, 2026","Apr 28, 2026"
SWDY,El Sewedy Electric Company,Drawing and Insulating of Nonferrous Wire,118,248170000000.0,438226,51710668,2026-10-07,15.49,14.92,3.32056,0.7875,,6.46,7.62,5.802,320560000000.0,26.627,16300000000.0,4.725,5.08,28.52,5.53,1.111,0.383,0.86,41.06,0.07,Sell,2,104.0,-11.86,58.56,130,87.51,79,78.25,139.7,62.03,"Nov 12, 2026","Jun 2, 2026"
TMGH,Talaat Moustafa Group Holding,"Investors, not elsewhere classified",87.89,181110000000.0,1232863,108356329,2026-10-07,11.78,8.72,1.08856,2.66697,,8.48,7.5,15.519,68300000000.0,36.488,15450000000.0,17.934,22.62,13.31,2.98,0.441,0.035,0.28,2.08,0.34,Strong Buy,4,141.9,61.45,56.92,100,97.99,79.28,80,103.87,56,"Nov 15, 2026","May 19, 2026"
EGAL,Egypt Aluminum,Primary Production of Aluminum,343.41,140000000000.0,309904,106424133,2026-10-07,9.14,8.82,4.17959,2.66587,,10.94,37.55,52.09,53140000000.0,23.051,15490000000.0,52.09,29.15,55.06,33.68,0.006,-0.513,2.36,21.3,-0.27,Hold,2,399.0,16.19,111.21,371,297.5,316.5,235.5,395,161.01,"Dec 3, 2026","Oct 14, 2025"
MFPC,Misr Fertilizer Production Company,Agricultural Chemicals,45.9,133370000000.0,576608,26466307,2026-10-07,8.56,7.62,2.92431,3.90458,,11.69,5.36,705.367,33720000000.0,46.245,15380000000.0,43.334,45.61,35.21,13.54,0.003,-0.24,5.46,61.51,0.08,Buy,3,46.77,1.9,56.57,46,35.77,42.14,30.5,52,27.9,"Nov 29, 2026","May 4, 2026"
QNBE,Qatar National Bank,Commercial Banks,59.27,125540000000.0,688044,40780368,2026-10-07,4.43,3.84,1.00951,2.17702,,22.6,13.39,13.667,58670000000.0,19.689,28860000000.0,20.814,49.19,29.55,3.49,0.037,-1.658,3.43,21.96,0.14,Strong Buy,5,67.43,13.77,96.06,58.42,52.65,43.84,46.36,64,30.06,"Oct 14, 2026","Mar 10, 2026"
HDBK,Housing and Development Bank- Egypt (S.A.E),Commercial Banks,107.45,114540000000.0,186199,20007083,2026-10-07,5.74,5.77,2.43559,3.48097,,17.43,18.73,24.265,32799999999.999996,26.685,19900000000.0,24.265,60.67,49.51,8.28,0.026,-0.361,2.32,32.66,-0.26,Buy,3,79.42,-26.09,206.08,120.95,84.5,72.01,44.83,124,35.13,"Nov 12, 2026","Apr 7, 2026"
ABUK,Abu Qir Fertilizers & Chemical Industries Company (S.A.E),Agricultural Chemicals,86.54,113570000000.0,1052897,91117706,2026-10-07,13.22,7.68,4.69854,4.23296,,7.56,6.55,13.889,25800000000.0,20.667,8260000000.0,8.725,32.02,39.34,18.45,0.003,-0.834,6.67,75.62,0.19,Buy,3,88.97,2.81,60.68,92.39,69.7,81.27,51,96.29,45.18,"Oct 29, 2026","Apr 20, 2026"
ALCN,Alexandria Container&Cargo Handling Company,Water Transportation,34.5,99960000000.0,605156,20877882,2026-10-07,14.37,,12.68555,13.41282,,6.96,2.4,20.829,7660000000.0,-8.43,7150000000.0,8.956,93.34,,,0.004,-0.672,5.41,,-0.41,Hold,2,28.55,-17.25,59.72,33.2,28.26,33.5,24.48,36.18,20.5,"Nov 12, 2026","May 12, 2026"
ORAS,Orascom Construction PLC,Building Construction General Contractors and Operative Builders,842.99,98020000000.0,729229,614732755,2026-10-07,8.43,6.83,1.76103,0.29658,,12.63,101.38,68.071,298320000000.0,62.637,11170000000.0,68.071,3.74,27.48,4.07,0.521,-0.818,,12.14,,n/a,,,,96.97,850.02,718.65,526.6,430,890,395,"Nov 13, 2026",n/a
EFIH,e-finance for Digital and Financial Investments S.A.E.,Computer Processing and Data Preparation and Processing Services,24.79,86970000000.0,4778640,118462486,2026-10-07,36.21,23.76,8.46183,11.07169,,2.78,0.68,39.221,7720000000.0,25.378,2370000000.0,47.454,30.7,36.22,17.18,0.021,-0.302,1.14,55.38,0.65,Buy,4,28.1,13.35,93.67,23.5,21.5,18.38,18.49,25.4,12.35,"Nov 12, 2026","Jun 25, 2026"
EAST,Eastern Company S.A.E,Tobacco Products,29,84630000000.0,1401109,40632161,2026-10-07,9.38,7.09,6.5668,2.0967,,10.66,3.09,-13.254,41490000000.0,33.934,9280000000.0,-11.063,22.37,80.62,15.58,1.738,0.288,10.1,54.07,0.15,Strong Buy,2,52.2,80.0,-31.84,36.03,37.2,35.77,37.1,49.99,27.91,"Nov 26, 2026","May 21, 2026"
ADIB,Abu Dhabi Islamic Bank - Egypt - S.A.E,Commercial Banks,48.11,71700000000.0,1525188,73376795,2026-10-07,5.04,5.19,1.65468,2.80375,,19.26,9.54,-0.367,25740000000.0,37.498,13900000000.0,30.389,54.0,38.8,3.91,0.245,-0.895,,10.45,0.72,Strong Buy,4,59.72,24.13,110.09,52.75,46.7,39.72,29.9,55.65,22.41,"Nov 2, 2026",n/a
EMFD,Emaar Misr for Development Company (S.A.E.),"Land Subdividers and Developers, Except Cemeteries",12.94,69180000000.0,3028785,39192478,2026-10-07,10.61,,0.98119,3.28426,,9.38,1.22,-44.612,21460000000.0,-5.962,6610000000.0,-38.438,30.8,10.53,2.12,0.052,-0.529,,,0.51,n/a,,,,50.47,14.38,11.75,9.3,9.7,15.3,8.2,"Nov 18, 2026",n/a
FWRY,Fawry for Banking Technology and Electronic Payments S.A.E.,Computer Processing and Data Preparation and Processing Services,18.72,64930000000.00001,17635530,330137122,2026-10-07,22.14,15.32,6.80768,6.30877,,4.52,0.85,43.305,10110000000.0,44.884,2880000000.0,45.517,28.49,44.77,11.19,0.485,-0.677,,13.8,1.18,Strong Buy,6,26.68,42.52,28.13,19,18.41,17.7,16.12,21.66,13.9,"Nov 12, 2026",n/a
SCTS,Suez Canal Company for Technology Settling (S.A.E),Educational Services,558.03,49970000000.0,1021.9999999999999,570307,2026-10-07,24.74,,12.63741,16.33752,,4.04,22.22,12.976,3060000000.0,17.725,2020000000.0,13.171,66.01,51.04,22.61,0.001,-1.065,2.23,53.38,0.62,n/a,,,,197.87,615.93,621.33,292.83,293.12,829.02,185,"Oct 26, 2026","Jun 25, 2026"
CANA,Suez Canal Bank (S.A.E),Commercial Banks,45.77,44930000000.0,209412,9584787,2026-10-07,7.37,,1.95018,2.95641,,13.57,6.13,0.129,15280000000.0,33.738,6130000000.0,0.143,40.12,35.06,2.61,0.488,-3.056,0.45,10.12,0.36,n/a,,,,163.03,42.9,35.74,31.538,24.427,52,16.906,"Nov 12, 2026",n/a
ORHD,Orascom Development Egypt S.A.E.,Hotels and Motels,12.029,43800000000.0,7851596,94446848,2026-10-07,8.18,6.91,2.14759,1.55142,,12.22,1.47,-4.391,28230000000.0,22.154,5350000000.0,-4.391,18.95,30.56,7.38,0.583,0.093,0.99,8.12,0.5,Strong Buy,2,17.42,44.82,79.06,13.255,11.815,7.665,7.867,13.627,6.541,"Nov 11, 2026","Sep 23, 2025"
GPPL,Golden Pyramids Plaza S.A.E.,Miscellaneous Amusement And Recreation,1.4,42350000000.0,,,2026-10-07,22.15,,1.15702,9.84727,,4.12,3.02,-16.293,4300000000.0,-4.483,1740000000.0,-24.791,40.47,3.08,1.21,0.648,0.534,,,0.18,n/a,,,,-1.41,1.4,1.4,1.4,1.42,1.42,1.33,"May 27, 2027",n/a
VLMR,Valmore Holding S.A.E.,"Investors, not elsewhere classified",0.67,41040000000.0,100637,67427,2026-10-07,7.24,5.15,1.45361,1.15005,,13.34,4.68,-13.984,35830000000.0,17.972,5500000000.0,-14.087,15.35,25.26,8.71,1.162,0.036,6.58,47.24,0.24,Strong Buy,3,1.21,80.6,-7.46,0.69,0.663,0.7,0.699,0.737,0.642,"Nov 15, 2026","Apr 27, 2026"
VLMRA,Valmore Holding S.A.E.,"Investors, not elsewhere classified",29.05,40600000000.0,1970728,57249648,2026-10-07,7.5,5.07,,,,,4.68,-13.984,35830000000.0,17.972,5500000000.0,-14.087,15.35,,,,,8.27,47.24,,n/a,,,,14.69,31.99,29.25,32.5,24.22,35.3,22.7,"Nov 15, 2026","Apr 27, 2026"
EFID,Edita Food Industries Company (S.A.E),Bakery Products,19,39730000000.0,798257,15166883,2026-10-07,12.61,10.48,6.28496,1.65509,,7.95,1.51,30.258,23920000000.0,37.426,3150000000.0,88.978,13.17,62.13,18.95,0.989,0.158,3.02,47.16,0.45,Buy,4,25.07,31.95,29.54,20.247,18.907,16.747,18.333,23.293,13.713,"Nov 5, 2026","May 12, 2026"
HRHO,EFG Holding Company S.A.E,"Security and Commodity Brokers, Dealers, Exchanges, and Services",26.79,38150000000.0,4217165,112977850,2026-10-07,9.88,7.92,0.8322,1.37043,,10.04,2.71,7.334,28070000000.0,25.579,3860000000.0,5.58,13.75,14.37,2.69,1.266,-0.711,1.05,35.85,0.38,Strong Buy,3,36.43,35.98,0.71,26,26.77,25.99,24.92,31.5,22.81,"Nov 15, 2026","Jun 25, 2026"
JUFO,Juhayna Food Industries S.A.E.,Dairy Products,25.2,36770000000.0,731558,18435262,2026-10-07,16.6,13.78,4.24018,1.10659,,6.02,1.52,9.63,33500000000.0,24.076,2230000000.0,23.255,6.66,31.01,13.64,0.971,0.809,0.77,30.0,0.24,Buy,6,29.45,16.87,35.35,27.4,23.976,20.224,20.224,28.8,18.008,"Nov 2, 2026","May 12, 2026"
PHDC,Palm Hills Developments S.A.E.,"Land Subdividers and Developers, Except Cemeteries",12.9,36520000000.0,5810586,74956559,2026-10-07,9.13,5.01,1.76582,0.90821,,11.08,1.41,1.814,40120000000.0,26.125,4040000000.0,1.088,10.07,22.17,2.73,1.71,0.692,0.77,17.6,1.0,Strong Buy,4,17.93,38.99,72.0,14.84,14.7,8.42,8.61,16.43,7.21,"Nov 9, 2026",n/a
OCDI,"Sixth of October for Development and Investment Company ""SODIC"" (S.A.E.)",Real Estate,27.2,35220000000.0,543704,14788749,2026-10-07,8.73,,2.09515,1.56115,,11.45,3.11,70.934,22460000000.0,111.961,4019999999.9999995,25.514,17.9,27.32,3.28,0.719,0.494,2.01,,0.29,n/a,,,,73.69,33.75,25.51,19.7,17.93,36.97,15.67,"Oct 26, 2026",n/a
GBCO,GB Corp,Motor Vehicles and Passenger Car Bodies,31.78,33659999999.999996,3395072,107895388,2026-10-07,14.08,13.52,0.98205,0.37152,,7.1,2.26,-29.13,92850000000.0,31.45,2450000000.0,-30.489,2.64,6.94,4.75,1.333,1.021,1.13,18.61,0.64,Buy,5,38.14,20.01,38.17,29.27,31.17,24.55,27,34.2,22.51,"Nov 12, 2026","Apr 27, 2026"
FAITA,Faisal Islamic Bank of Egypt,Commercial Banks,0.986,32060000000.000004,46389,45740,2026-10-07,4.33,,,,,,11.34,8.264,15230000000.0,15.782,7240000000.0,9.426,47.54,,,,,4.15,25.63,,n/a,,,,1.24,0.99,0.98,1.02,0.987,1.04,0.95,"Nov 16, 2026","Apr 14, 2026"
FAIT,Faisal Islamic Bank of Egypt,Commercial Banks,44.84,31850000000.0,50262,2253748,2026-10-07,4.02,,0.67375,2.09185,,22.72,11.34,8.264,15230000000.0,15.782,7240000000.0,9.426,47.54,17.59,2.89,0.002,-1.447,6.27,25.63,0.16,n/a,,,,62.5,43.87,36.63,33.8,32.07,48.35,26.01,"Nov 16, 2026","Apr 14, 2026"
FERC,Ferchem Misr for fertilizers and chemicals S.A.E,Agricultural Chemicals,75.93,30110000000.0,40080,3043274,2026-10-07,17.16,,7.47288,2.86473,,5.86,4.42,-80.849,10600000000.0,409.573,1780000000.0,201.081,16.79,42.09,15.41,1.256,0.862,8.03,131.81,,n/a,,,,-18.35,81.4,74.01,77.38,82.52,96.99,66.55,"Nov 12, 2026","Oct 14, 2025"
HELI,Heliopolis Co. for Housing & Development,"Land Subdividers and Developers, Except Cemeteries",7.37,30000000000.0,3779287,27853345,2026-10-07,8.76,8.97,3.10058,6.46533,,11.41,0.85,90.024,4640000000.0,342.311,3420000000.0,90.025,73.71,38.64,11.16,0.844,0.776,5.97,46.98,0.05,Strong Buy,2,10.78,46.27,126.07,8.16,6.64,5.59,3.6,8.77,3.11,"Nov 9, 2026","May 18, 2026"
CIEB,Credit Agricole - Egypt Bank (S.A.E.),Commercial Banks,24.34,30000000000.0,256191.99999999997,6235713,2026-10-07,4.82,4.32,1.34395,2.29334,,20.75,4.98,-5.121,13080000000.0,-0.134,6230000000.0,-5.132,47.63,32.98,4.75,0.098,-2.276,13.33,69.79,0.18,Strong Buy,4,32.91,35.21,30.3,25.49,24.44,25.78,22.46,28.49,18.56,"Nov 5, 2026","Apr 20, 2026"
BTFH,Beltone Holding S.A.E,"Security and Commodity Brokers, Dealers, Exchanges, and Services",2.76,29690000000.0,26258440,72473294,2026-10-07,42.89,13.8,1.20763,2.30524,,2.33,0.06,-80.625,12830000000.0,107.669,689610000.0,-68.521,5.37,3.49,0.88,2.628,1.754,,21.13,-0.62,n/a,,,,-11.25,3.03,3,2.92,3.42,3.66,2.65,"Nov 26, 2026",n/a
IRON,Egyptian Iron and Steel Company,"Steel Works, Blast Furnaces, And Rolling And Finishing Mills",29.26,29100000000.0,988641,28927636,2026-10-07,16.05,,-4.43202,13.37746,,6.23,1.91,,2240000000.0,112.585,1870000000.0,,83.48,,,,0.085,,,-0.89,n/a,,,,9.79,30,32.02,31.11,35.01,49.37,24.56,"Oct 15, 2026",n/a
EXPA,Export Development Bank of Egypt (S.A.E.),Commercial Banks,21.28,28480000000.0,934840,19893395,2026-10-07,4.01,5.31,1.05905,1.87928,0.53086,24.91,4.05,33.079,15560000000.0,32.853,7280000000.0,33.079,46.79,29.85,3.52,0.07,-0.535,,12.06,0.19,n/a,,,,7.51,21.59,18.73,16.79,15.4,22.5,14.4,"Nov 12, 2026",n/a
RAYA,Raya Holding Company for Financial Investments (S.A.E),"Computer Programming, Data Processing, And Other Computer Related Services",6.5,28230000000.0,1398934,9093071,2026-10-07,10.69,7.74,3.05397,0.41648,0.18424,9.36,0.61,50.629,66760000000.00001,40.297,2600000000.0,50.604,3.89,42.24,8.35,2.826,2.274,0.61,7.8,0.35,n/a,,,,125.69,7.5,7.91,5.16,3.46,8.49,2.66,"Aug 26, 2026","Jul 8, 2025"
BIOC,GlaxoSmithKline S.A.E,Pharmaceutical Preparations,330,27560000000.0,196001,64680330,2026-10-07,141.93,,12.63119,7.61702,,0.7,2.33,38.828,3620000000.0,2.805,194180000.0,31.112,5.36,9.15,4.75,0.82,0.725,0.23,51.48,0.28,n/a,,,,432.6,322.99,72.09,61.01,63.65,609,55.1,"Nov 16, 2026","Jan 12, 2026"
ARCC,Arabian Cement Company S.A.E.,"Cement, Hydraulic",70.01,26640000000.0,286668,20069627,2026-10-07,6.04,6.32,5.47385,2.01447,,16.56,11.58,99.256,13030000000.0,26.68,4350000000.0,96.775,33.38,102.88,39.28,0.268,-0.143,4.14,71.08,0.16,Buy,3,78.0,11.41,79.51,77.5,56.25,55,50.8,91.72,38.7,"Nov 12, 2026","Apr 14, 2026"
EGCH,Egyptian Chemical Industries,Agricultural Chemicals,13.27,26540000000.0,2196237,29144065,2026-10-07,14.7,,0.61321,2.34725,,6.81,0.9,121.324,11230000000.0,30.553,1790000000.0,81.807,15.94,6.15,3.26,0.315,0.219,,3.12,0.54,n/a,,,,10.87,14.23,12.63,11.2,12.49,15.37,9.77,"Nov 24, 2026",n/a
CCAP,QALA For Financial Investments,"Investors, not elsewhere classified",6.55,26400000000.0,51695590,338606114,2026-10-07,106.68,,0.31712,0.15561,,0.85,0.06,,167840000000.0,23.944,220760000.0,,0.13,26.33,9.36,0.987,0.638,,45.7,0.05,n/a,,,,157.87,6,5.13,3.98,3.76,7.32,2.2,"Dec 24, 2026",n/a
VALU,U Consumer Finance S.A.E.,Testing Laboratories,11.48,23680000000.0,3232550,37109674,2026-10-07,27.63,21.26,8.78416,16.39853,,3.76,0.42,50.06,1470000000.0,15.692,909970000.0,63.807,61.9,39.69,5.54,5.581,4.918,,,,n/a,,,,50.26,10.96,12.6,11.28,9.4,13.19,7.6,"Nov 10, 2026",n/a
CIRA,Cairo For Investment And Real Estate Developments-CIRA Education,Real Estate,39.49,22970000000.0,1003146.0000000001,39614236,2026-10-07,24.22,,7.57584,3.85115,,4.13,1.63,257.601,5980000000.0,64.145,950090000.0,291.653,15.89,36.48,13.32,1.313,0.983,0.87,28.02,0.35,n/a,,,,146.81,35,28.2,17.9,17.37,41.74,15.71,"Oct 21, 2026","Dec 28, 2025"
TAQA,TAQA Arabia S.A.E.,"Petroleum and Petroleum Products Wholesalers, Except Bulk Stations and Terminals",17.8,22820000000.0,3283474,58445837,2026-10-07,17.85,,4.27954,0.77509,,5.6,0.96,54.422,29510000000.0,30.005,1280000000.0,52.367,4.34,30.99,4.24,2.625,0.122,,,7.73,n/a,,,,40.15,16.15,14.5,13.17,14.49,18.3,11.6,"Nov 12, 2026",n/a
SCEM,Sinai Cement Co. (S.A.E),"Cement, Hydraulic",87.5,22320000000.0,445597,38989738,2026-10-07,6.77,6.65,3.14448,2.43155,,14.37,12.67,-43.296,9210000000.0,26.502,3220000000.0,8.196,34.96,58.37,28.04,0.025,-0.79,,,0.31,n/a,,,,58.1,99.2,65.62,57.99,62.25,113,52.55,"Nov 12, 2026",n/a
CLHO,Cleopatra Hospitals Group S.A.E.,Hospitals,15.5,22250000000.0,1796468,27845254,2026-10-07,46.42,24.23,5.27011,2.75515,,2.18,0.33,-28.953,8150000000.0,26.814,489520000.0,-24.208,6.01,20.02,8.19,0.933,0.828,,22.29,0.79,Hold,5,17.48,12.77,39.26,17.7,16.4,12.02,13.2,19.72,11,"Nov 26, 2026",n/a
MBSC,Misr Beni Suef Cement Co. S.A.E,"Cement, Hydraulic",380.02,19820000000.0,364097,138364142,2026-10-07,5.64,7.97,4.21066,3.31591,,17.3,67.32,200.57,6020000000.0,12.664,3460000000.0,171.3,57.48,121.81,35.1,0.029,-0.671,1.59,20.55,0.45,Hold,2,396.35,4.3,152.99,404.02,245.94,252,267.01,470,148.52,"Nov 12, 2026","Jun 16, 2026"
PHAR,Egyptian International Pharmaceutical Industries Company,Pharmaceutical Preparations,113.5,19260000000.0,221794,25173619,2026-10-07,14.84,17.62,3.14326,1.93778,,6.48,7.65,6.029,9880000000.0,12.078,1240000000.0,8.332,12.55,20.51,7.24,1.651,1.615,1.32,49.46,0.57,Hold,2,108.2,-4.67,73.44,129.7,88.87,79.34,77.5,178.99,65,"Nov 12, 2026","Apr 28, 2026"
MCQE,Misr Cement (Qena) Company (S.A.E),"Cement, Hydraulic",196,18890000000.0,380316,74541936,2026-10-07,7.24,7.5,4.18734,1.77414,,13.82,27.09,222.126,10610000000.0,42.917,2600000000.0,222.126,24.51,87.84,36.89,0.065,-0.338,0.51,61.64,0.54,Hold,2,213.45,8.9,163.09,248.4,172,173.56,170.98,292.32,73.01,"Nov 12, 2026","Apr 23, 2026"
AMOC,Alexandria Mineral Oils Company,Petroleum Refining,14.31,18700000000.0,17390290,248855050,2026-10-07,12.69,6.15,4.43618,0.46777,,7.88,1.14,12.946,39980000000.0,12.273,1470000000.0,-1.2,3.68,33.29,,0.007,-0.804,5.53,70.35,0.02,Buy,3,11.68,-18.38,86.09,13.5,7.85,8.7,6.93,14.63,6.66,"Dec 9, 2026","Apr 20, 2026"
SKPC,Sidi Kerir Petrochemicals Co.,Industrial Organic Chemicals,16.05,18360000000.0,3387612,54371173,2026-10-07,34.8,12.46,2.70293,1.19252,,2.87,0.47,-75.621,15400000000.0,2.436,527500000.0,-73.579,3.43,8.91,1.66,0.352,0.168,3.09,73.33,-0.07,Hold,5,17.33,7.98,-0.24,18.83,16.18,17.79,15.68,19.94,14.2,"Nov 12, 2026","May 27, 2025"
MTIE,MM Group for Industry and International Trade S.A.E.,Wholesale Trade-Durable Goods,8.05,18260000000.0,1073439,8641184,2026-10-07,17.93,13.82,3.45914,0.80045,,5.58,0.45,4.626,22820000000.0,19.22,1020000000.0,3.587,4.47,27.37,10.54,0.055,-0.192,,21.45,1.03,n/a,,,,30.36,8.74,7.958,6.1,6,10.4,5.608,"Nov 18, 2026",n/a
ORWE,Oriental Weavers Carpets Company (S.A.E),"Home Furniture, Furnishings, and Equipment Stores",27,18050000000.0,403483,10894041,2026-10-07,8.98,10.11,0.82485,0.64231,,11.14,3.01,3.022,27960000000.0,7.224,2000000000.0,53.56,7.15,15.06,5.34,0.387,-0.052,4.61,38.34,-0.03,Buy,2,36.35,34.63,23.06,26.85,22.62,22.4,23.25,29.41,21.01,"Nov 16, 2026","May 18, 2026"
POUL,Cairo Poultry Company S.A.E.,Poultry Slaughtering and Processing,10.19,17880000000.0,1615949,16466520,2026-10-07,2.18,2.45,2.18214,1.12075,,12.28,4.58,-19.421,15950000000.0,0.556,2190000000.0,-15.453,13.73,34.88,11.09,0.037,-0.479,3.3,23.89,0.42,n/a,,,,-55.49,40.27,37.93,32.5,25.75,41.96,9.12,"Nov 11, 2026","Apr 27, 2026"
UBEE,The United Bank,Commercial Banks,16.2,17530000000.0,35607,576833,2026-10-07,10.13,6.13,0.97655,2.79261,,9.87,1.57,-38.301,6280000000.0,-0.644,1730000000.0,-30.76,27.55,13.07,2.07,0.379,-0.772,4.71,60.32,-0.75,n/a,,,,16.23,14.5,13.39,13.54,14.75,19.08,12.4,"Nov 12, 2026","Jun 22, 2026"
EGSA,The Egyptian Satellite Company Nilesat,"Communications Services, Not Elsewhere Classified",8.87,17340000000.0,1,9,2026-10-07,6.51,,0.51278,3.59607,,14.43,66.99,-18.366,4820000000.0,-0.94,2500000000.0,-15.77,51.87,8.57,2.83,,-0.44,6.2,36.55,-0.0,n/a,,,,32.39,9.05,8.75,7.81,6.83,9.21,6.5,"Nov 9, 2026","May 18, 2026"
EGTS,Egyptian Resorts Company (S.A.E),"Hotels, Rooming Houses, Camps, and Other Lodging Places",16.8,17170000000.000002,405316,6809309,2026-10-07,,,31.02119,16.56452,,-0.68,-0.11,,1070000000.0000001,11.753,-120080000.0,,-11.22,-19.14,-5.35,,-1.973,,,0.96,n/a,,,,83.7,17,19.21,7.44,8.15,22.69,6.68,"Dec 2, 2026",n/a
MOIL,Maridive and Oil Services S.A.E.,Oil and Gas Field Exploration Services,0.696,16920000000.000002,199707,138996,2026-10-07,3.57,,1.11885,1.30474,,27.32,9.45,249.781,12970000000.0,15.967,4620000000.0,252.426,35.62,37.4,11.37,0.745,0.216,,,0.67,n/a,,,,84.1,0.675,0.505,0.394,0.469,0.719,0.366,"Dec 14, 2026",n/a
MASR,Madinet Masr For Housing and Development,"Land Subdividers and Developers, Except Cemeteries",7.61,16780000000.000002,7734086,58856394,2026-10-07,5.6,5.99,1.25306,1.34776,,17.84,1.36,3.901,12060000000.0,37.391,2900000000.0,3.793,24.05,29.34,6.31,0.547,-0.003,1.91,,0.65,Strong Buy,2,11.4,49.8,90.54,7.98,7.56,5.95,4.061,8.95,3.936,"Nov 11, 2026","May 20, 2026"
SAUD,alBaraka Bank Egypt S.A.E.,Commercial Banks,23.08,16700000000.0,151672,3500590,2026-10-07,4.99,,1.0376,1.96108,,20.02,4.62,7.532,8560000000.000001,16.225,3360000000.0,7.156,39.25,26.19,2.67,0.412,-0.599,3.7,32.91,0.31,Buy,2,19.7,-14.64,76.32,23.83,21.36,21.49,15.39,26.35,12.75,"Nov 10, 2026","Apr 14, 2026"
EFIC,Egyptian Financial and Industrial SAE,Agricultural Chemicals,167.03,16250000000.0,94704,15818409,2026-10-07,54.16,,5.23016,1.35163,,1.85,3.0,-81.055,12020000000.0,18.846,300060000.0,-74.358,2.5,12.56,11.55,2.675,2.543,2.24,249.45,-0.3,n/a,,,,-9.69,193.99,185.57,205,223.42,260,147,"Nov 26, 2026","Apr 28, 2026"
TALM,Taaleem Management Services Company S.A.E.,Educational Services,21.91,15940000000.0,823560,18044200,2026-10-07,26.07,25.09,3.9834,6.5071,,3.83,0.84,-17.931,2460000000.0,32.452,613610000.0,-15.892,24.94,13.84,8.82,0.622,0.54,,7.47,0.21,n/a,,,,74.64,18.3,15.96,14.99,15.48,25.7,12.3,"Oct 29, 2026",n/a
NIPH,EI- Nile Co. for Pharmaceuticals and Chemical Industries,Pharmaceutical Preparations,316.07,15780000000.0,120409,38057673,2026-10-07,65.81,,14.32046,7.0578,,1.52,4.8,55.761,2240000000.0,113.769,240130000.0,159.601,10.72,26.02,14.09,1.227,1.207,0.63,41.64,0.67,n/a,,,,285.5,346.01,173.05,96.75,100.22,516.96,80.21,"Nov 12, 2026","Oct 29, 2025"
ATQA,Misr National Steel - Ataqa,"Steel Works, Blast Furnaces, And Rolling And Finishing Mills",12.01,14700000000.0,4609584,55361104,2026-10-07,,,6.08375,2.62474,,-0.42,-0.05,,5530000000.0,-14.148,-61200000.0,,-1.11,-2.53,1.85,0.149,-0.43,,,0.05,n/a,,,,6.33,12.17,9.56,8.46,10.07,13.7,7.75,"Nov 12, 2026",n/a
EGBE,Egyptian Gulf Bank (S.A.E),Commercial Banks,0.529,14650000000.0,268189,141872,2026-10-07,3.39,,0.99264,1.2194,,27.7,7.71,50.244,11890000000.0,38.799,4019999999.9999995,58.962,33.81,36.97,3.19,0.098,-0.273,2.05,19.26,0.23,n/a,,,,117.32,0.526,0.456,0.3603,0.3035,0.579,0.2418,"Nov 12, 2026","Jul 13, 2026"
KORA,Korra for Energy and Investment Projects (S.A.E.),Electrical Work,6.13,14630000000.0,58323170,357521032,2026-10-07,,,,,,,,,,,,,,,,,,,,,n/a,,,,,6.15,3.45,,,7.87,3.3,n/a,n/a
MHOT,Misr Hotels Company,Hotels and Motels,17.45,13770000000.0,398770,6958536,2026-10-07,12.68,,3.70537,6.9181,,7.89,1.38,255.226,2000000000.0,7.854,1090000000.0,4.409,54.5,43.24,24.07,0.249,-0.431,4.31,41.98,0.48,n/a,,,,42.22,18.3,17.395,12.495,12.87,21.4,11.03,"Nov 10, 2026","Oct 13, 2026"
BINV,B Investments Holding S.A.E.,"Investors, not elsewhere classified",59.74,12720000000.0,152842,9130781,2026-10-07,20.44,,1.8393,15.81306,,4.89,2.84,-9.07,800920000.0,0.275,619770000.0,-7.558,77.38,8.74,5.27,0.003,-0.407,2.58,0.97,0.46,n/a,,,,89.92,49.58,47.33,40.19,37,72.99,29.26,n/a,"Jul 21, 2026"
CICH,CI Capital Holding For Financial Investments (S.A.E),Miscellaneous business Credit Institutions,11.94,11940000000.0,144096,1720506,2026-10-07,6.76,,1.49557,2.40442,,14.8,1.78,2.319,4990000000.0,16.157,1780000000.0,2.319,35.67,21.54,4.18,3.843,3.381,2.93,39.86,0.4,n/a,,,,58.24,12.93,12.09,10.61,9.1,13.99,6.6,"Nov 12, 2026","Sep 22, 2026"
ISPH,Ibnsina Pharma,"Drugs, Drug Proprietaries, and Druggists' Sundries",11.7,11790000000.0,1872122,21903827,2026-10-07,13.55,9.61,3.75918,0.14202,0.29121,7.38,0.86,37.441,83040000000.0,21.99,870320000.0,37.441,1.05,38.93,5.84,8.809,8.485,1.37,31.93,0.68,Strong Buy,3,17.26,47.52,3.08,13.15,11.6,10.06,11.72,16.93,9.63,"Nov 12, 2026","Oct 12, 2026"
AMES,Alexandria New Medical Center,"Miscellaneous Health And Allied Services, Not Elsewhere Classified",47.44,11340000000.0,1110041,52660345,2026-10-07,107.7,,38.19448,23.00394,,0.47,0.43,19.089,492800000.0,17.862,53610000.0,19.089,10.88,19.86,9.63,0.07,-0.076,0.22,,1.34,n/a,,,,3.36,87,60.18,46.47,55.11,173.78,36.52,"Nov 11, 2026",n/a
CSAG,Canal Shipping Agencies Company,Water Transportation,37,11050000000.0,106814,3952118,2026-10-07,9.74,10.23,6.44949,66.95497,,10.27,3.78,5.089,164980000.0,46.248,1130000000.0,5.089,684.93,69.47,1.45,,-0.523,7.88,132.41,0.7,n/a,,,,23.04,42,32.52,28.69,34.86,44.45,25.7,"Oct 12, 2026","Dec 18, 2025"
RMDA,Tenth of Ramadan for Pharmaceutical Industries and Diagnostic Reagents (Rameda) (S.A.E),Pharmaceutical Preparations,5.4,11000000000.0,2665885,14395779,2026-10-07,36.24,16.15,4.62331,2.50172,0.52091,2.74,0.15,-27.497,4390000000.0,22.686,301010000.0,-24.668,6.86,14.95,11.91,1.017,0.973,0.74,70.47,0.44,Buy,6,5.75,6.48,66.98,6,5.01,4.16,3.33,7.39,3.06,"Nov 12, 2026","Jun 2, 2026"
NAPR,National Printing Company S.A.E.,Paperboard Containers And Boxes,49,10640000000.0,222478,10901422,2026-10-07,41.16,,3.65096,1.42097,,2.4,1.21,-27.072,7580000000.0,2.245,258430000.0,-26.722,3.41,12.62,9.57,1.214,1.037,,97.03,-2.13,n/a,,,,128.83,30.35,26.35,20.3,21.57,57.8,18,"Dec 15, 2026",n/a
OIH,Orascom Investment Holding S.A.E.,Diversified Multi-Media,1.87,9860000000.0,12201410,22816637,2026-10-07,,,4.7945,7.03759,,-5.44,-0.1,,1390000000.0,189.601,-533780000.0,,-38.4,-20.72,-2.02,3.121,1.066,,,0.57,n/a,,,,68.47,2.04,1.41,1.42,1.18,2.19,0.98,"Dec 14, 2026",n/a
AMIA,Arab Moltaqa Investments Company,"Investors, not elsewhere classified",19.3,9790000000.0,901545,17399818,2026-10-07,26.79,,4.5134,3.98242,,3.73,0.72,41.823,2480000000.0,8.101,368990000.0,49.652,14.88,24.66,3.32,3.251,2.954,0.73,,0.32,n/a,,,,442.3,19.87,8.71,5.68,4.83,22.4,3.37,n/a,"Apr 8, 2026"
MIPH,MINAPHARM Pharmaceuticals,Pharmaceutical Preparations,818.78,9770000000.0,3756,3075338,2026-10-07,28.52,,1.41071,1.45423,,3.29,28.78,,6650000000.0,6.865,318480000.0,,4.79,6.41,4.74,0.726,0.194,0.3,17.23,0.33,n/a,,,,208.29,793.89,661.65,466.09,349.2,1000,256.45,"Dec 2, 2026","Aug 12, 2026"
IFAP,International Company for Agricultural Crops,Food and Kindred Products,19.8,9650000000.0,339300,6718140,2026-10-07,18.49,,2.19395,3.73311,,4.8,1.05,-24.933,2580000000.0,40.985,462950000.0,-10.717,17.94,14.79,0.23,0.104,-0.03,0.63,,0.35,n/a,,,,-0.97,21.25,19.45,19.11,18.85,23.5,16.35,"Nov 26, 2026",n/a
MOIN,Mohandes Insurance Company,Insurance Carriers,35.02,9230000000.0,419928,14705879,2026-10-07,24.14,,4.60433,5.45903,,4.14,1.45,-7.429,1670000000.0,9.542,377700000.0,-7.429,22.62,21.18,5.6,0.006,-0.109,0.6,8.71,0.2,n/a,,,,71.46,37.4,23.72,22.48,23.408,45.99,19.815,"Aug 26, 2026",n/a
MPRC,Egyptian Media Production City,Motion Picture and Video Tape Production,40.23,9050000000.0,106288,4275966,2026-10-07,8.88,,1.91655,6.53512,,9.49,4.5,52.581,1380000000.0,13.198,853910000.0,39.565,61.88,22.68,9.13,0.013,-0.417,1.24,8.23,0.76,n/a,,,,14.61,41.24,38.99,28.87,28.5,52.49,24.05,"Nov 26, 2026","Jul 29, 2025"
CPCI,Kahira Pharmaceuticals & Chemical Industries Company,Pharmaceutical Preparations,599.44,9000000000.0,6482,3885570,2026-10-07,17.75,,7.70763,3.74109,,5.64,33.78,25.161,2390000000.0,30.298,504490000.0,25.161,21.11,47.65,18.83,0.145,0.081,2.78,42.07,0.26,n/a,,,,166.49,544.13,400.02,265.07,265.08,644,223.5,"Sep 24, 2026","Nov 12, 2025"
OLFI,Obour Land for Food Industries S.A.E.,Dairy Products,21.08,8439999999.999999,518130,10922180,2026-10-07,11.27,8.78,5.40461,0.69621,,8.87,1.87,-12.663,12110000000.0,13.319,748050000.0,-9.17,6.18,56.54,18.55,2.655,2.539,8.3,100.41,0.41,Hold,4,26.48,25.62,-4.18,22.2,22.6,20.83,24.99,26.52,20.01,"Oct 14, 2026","Mar 24, 2026"
PHTV,Pyramisa Hotels & Resorts,Hotels and Motels,336.55,8340000000.0,1290,434150,2026-10-07,9.78,,3.07009,2.51464,,10.68,35.15,-9.538,3240000000.0,40.248,869900000.0,24.127,26.85,43.09,13.44,0.024,-0.762,1.14,29.26,1.31,n/a,,,,97.48,358.55,268.5,187.79,174.06,447.99,165,"Nov 12, 2026","May 11, 2026"
BONY,Bonyan for Development and Trade,Real Estate Operators (except Developers) And Lessors,4.11,8170000000.0,44616230,183372705,2026-10-07,3.8,3.02,0.58849,7.9573,,26.19,1.08,-14.078,968370000.0,11.885,2020000000.0,-6.545,208.6,16.72,1.58,0.087,0.06,,,,Strong Buy,2,6.27,52.55,16.23,4.55,4.464,3.736,3.491,5.409,3.136,"Nov 24, 2026",n/a
EGAS,Egypt Gas Company SAE,Natural Gas Transmission and Distribution,57.03,8100000000.0,64828,3697141,2026-10-07,24.05,,1.62498,0.80452,,4.16,2.34,4.593,10100000000.0,24.668,337760000.0,4.461,3.34,7.21,-1.63,0.225,0.187,0.89,29.25,0.53,n/a,,,,30.61,59.21,49.72,42.36,44.26,67.7,39,"Nov 12, 2026","May 4, 2026"
ISMQ,Iron & Steel for Mines & Quarries,Metal Mining,8.31,8060000000.000001,1788190,14859859,2026-10-07,16.17,,11.44477,7.65697,,6.16,0.51,15.058,1050000000.0,18.286,495280000.0,11.385,47.17,72.38,36.73,,-0.8,5.09,82.53,-0.39,n/a,,,,29.4,9.36,9.9,7.02,7.03,10.18,5.96,"Oct 11, 2026","Oct 14, 2025"
SUGR,Delta Sugar Company,Sugar And Confectionery Products,55.65,7930000000.0,103925,5783426,2026-10-07,,12.1,2.89878,0.86639,,-17.58,-9.78,,9130000000.0,0.099,-1390000000.0,,-15.22,-47.21,-137.72,2.268,1.944,4.48,,-0.13,n/a,,,,8.06,60,47.45,47.3,47.19,64.44,43.5,"Nov 12, 2026",n/a
MPCI,Memphis Pharmaceuticals & Chemical Industries,Pharmaceutical Preparations,345,7870000000.0,201595,69550275,2026-10-07,15.12,,11.05906,4.68468,,6.61,22.81,-65.932,1680000000.0,36.209,518980000.0,37.787,30.89,95.06,22.6,0.118,-0.48,3.81,37.97,0.16,n/a,,,,124.49,425.2,246.21,158.06,156.2,490.86,130,"Nov 12, 2026","Oct 27, 2025"
ZMID,Zahraa El Maadi Investment and Development Company SAE,Real Estate,7.57,7530000000.0,5032579,38096623,2026-10-07,10.99,,2.87163,6.88303,,9.1,0.69,26.747,1100000000.0,40.342,689100000.0,33.228,62.65,35.2,19.33,,-0.144,3.32,23.83,0.41,n/a,,,,57.71,9.5,6.8,5.28,5.74,9.95,4.72,"Nov 12, 2026","Apr 28, 2026"
AXPH,Alexandria Co. For Pharmaceuticals & Chemical Industries,Pharmaceutical Preparations,1495.64,7480000000.0,2599,3887168,2026-10-07,15.01,,6.9009,2.40319,,6.66,99.8,43.306,3120000000.0,24.945,499000000.0,43.306,15.99,49.3,24.71,0.006,-0.377,4.21,59.93,0.14,n/a,,,,113.04,1685.19,1182.25,806.27,800.37,1987,700.3,"Nov 11, 2026","Nov 4, 2025"
PRDC,Pioneers Properties For Urban Development - PRE Group,Real Estate,7.35,7430000000.0,4156969,30553722,2026-10-07,12.06,,0.52244,1.09391,,8.23,0.59,464.611,6790000000.0,39.913,611500000.0,470.355,9.01,6.15,0.89,0.873,0.654,,32.19,0.44,n/a,,,,118.1,8.88,7.73,4.27,4.35,10.4,3.24,"Nov 19, 2026",n/a
DOMT,Arabian Food Industries Company (DOMTY) - S.A.E,Food and Kindred Products,24.9,6780000000.0,439751,10949800,2026-10-07,38.87,,4.54956,0.71396,,2.57,0.63,-38.441,9700000000.0,5.466,178130000.0,-38.657,1.84,13.95,9.88,1.558,1.347,3.54,136.58,0.32,n/a,,,,14.86,28.5,27.21,24.12,26.02,32,20.82,"Nov 17, 2026","May 22, 2025"
ARAB,Arab Developers Holding,"Land Subdividers and Developers, Except Cemeteries",0.276,6530000000.0,464272100,128139100,2026-10-07,32.8,,2.72899,4.14843,,1.47,0.01,-29.711,1590000000.0,-3.222,96910000.0,4.794,6.09,4.52,0.57,1.137,1.049,,24.84,-0.17,n/a,,,,50.82,0.255,0.216,0.186,0.211,0.284,0.173,"Nov 16, 2026",n/a
GOUR,Gourmet Egypt.Com Foods,Agriculture Production Livestock and Animal Specialties,15.54,6480000000.0,1226289,19056531,2026-10-07,27.72,18.27,,,,,0.58,73.605,3240000000.0,52.831,233740000.0,88.995,7.21,,,1.811,0.468,1.34,,,Buy,4,15.13,-2.64,,16.41,13.32,10.9,,19.15,8.5,"Nov 12, 2026","Jul 27, 2026"
SPHT,El Shams Pyramids Co. For Hotels & Touristic Projects S.A.E,Hotels and Motels,1.42,6240000000.0,,,2026-10-07,,,2.24682,,,-0.66,-0.45,,,,-41500000.0,,,-2.4,-0.04,0,-0.323,,,-0.07,n/a,,,,-25.65,1.53,1.91,1.91,1.91,1.91,1.15,"Nov 12, 2026",n/a
ELEC,Electro Cable Egypt,Drawing and Insulating of Nonferrous Wire,1.87,6200000000.0,8869395,16585769,2026-10-07,,,1.73938,0.6779,,-3.08,-0.06,,9190000000.0,-36.315,-191940000.0,,-2.09,-5.06,6.18,2.968,2.69,,,-0.5,n/a,,,,-29.96,2.12,2.11,2.07,3.11,3.36,1.72,"Nov 26, 2026",n/a
ACAP,A Capital Holding,"Land Subdividers and Developers, Except Cemeteries",8.09,6080000000.0,986325,7979369,2026-10-07,13.14,,3.79175,1.66497,,8.18,0.63,22.271,3660000000.0,114.54,499040000.0,19.211,13.63,,,1.509,0.939,,23.9,0.99,n/a,,,,67.47,8.91,8.58,7.62,8.27,10.55,5.1,"Nov 15, 2026",n/a
SPIN,Alexandria Spinning & Weaving Co.,Textile Mill Products,16.86,5880000000.0,176755,2980089,2026-10-07,1200.39,,7.91887,8.81369,,0.08,0.01,,676940000.0,-10.15,4970000.0,,0.73,0.66,1.33,0.53,0.331,0.27,,0.45,n/a,,,,65.4,19.12,14.49,14.59,9.99,21.88,9.52,"Oct 13, 2026",n/a
NINH,Nozha International Hospital,Hospitals,19.39,5720000000.0,439460,8521129,2026-10-07,34.16,,7.21219,10.47606,,2.93,0.56,21.938,548680000.0,12.703,168260000.0,25.879,30.67,26.04,11.31,0.006,-0.588,0.38,7.01,1.04,n/a,,,,155.94,23.64,18.07,10.099,8.309,26.46,6.615,"Nov 10, 2026","Apr 28, 2025"
ENGC,Industrial Engineering Company for Construction and Development (ICON) (S.A.E.),Fabricated Structural Metal Products,36.85,5380000000.0,386430,14239946,2026-10-07,6.63,,1.41713,0.70038,,15.07,5.55,16.413,7660000000.0,17.35,808200000.0,8.59,10.55,34.39,15.19,0.541,0.506,3.38,20.28,0.34,n/a,,,,30.86,44.77,37.08,31.18,33.24,54.79,28.2,"Dec 21, 2026","May 6, 2025"
OCPH,October Pharma S.A.E,Pharmaceutical Preparations,229.11,5320000000.0,9129,2091545,2026-10-07,33.07,,8.22435,3.73492,,3.02,6.88,4.393,1460000000.0,22.508,165090000.0,11.727,11.31,28.29,16.6,0.64,0.537,0.56,11.06,0.73,n/a,,,,150.34,250.1,178.825,140.475,102.16,341.99,82.5,"Nov 12, 2026",n/a
MCRO,Macro Group Pharmaceuticals (Macro Capital) S.A.E,"Perfumes, Cosmetics, and Other Toilet Preparations",1.5,5200000000.0,18233960,27350940,2026-10-07,10.16,21.43,6.43508,5.22372,,2.47,0.15,34.818,982420000.0,52.355,126650000.0,102.978,12.89,28.24,9.83,0.054,-0.543,7.02,,0.15,n/a,,,,-55.75,1.53,1.23,1.31,1.14,4.11,0.808,"Nov 15, 2026",n/a
CNFN,Contact Financial Holding S.A.E.,Personal Credit Institutions,4.18,5180000000.0,3356921,14031930,2026-10-07,15.72,,1.06541,0.85452,,6.35,0.27,-51.142,5860000000.0,14.845,317560000.0,-50.933,5.42,9.77,2.59,2.058,1.371,5.83,19.34,0.37,n/a,,,,-3.02,4.79,4.77,4.16,5.19,5.41,3.71,n/a,n/a
MICH,Misr Chemical Industries Co.,Chemicals and Allied Products,47.5,5160000000.0,114592,5443120,2026-10-07,10.83,,3.58165,4.73667,,9.24,4.39,-23.872,1100000000.0,12.978,481200000.0,-23.061,43.75,37.47,18.07,0.179,-0.081,6.91,90.8,-0.17,n/a,,,,44.42,50.74,37.73,36,28.98,53.9,25,"Nov 12, 2026","Oct 14, 2026"
KABO,El-Nasr Clothing & Textiles Co. (KABO),Apparel and Other Finished Products Made From Fabrics and Similar Materials,8.9,5110000000.0,882026,7850031,2026-10-07,157.26,,4.76245,4.3882,,0.52,0.06,-80.102,1120000000.0,21.364,25740000.0,-80.102,2.3,2.36,-1.5,0.485,0.327,,15.37,0.46,n/a,,,,57.22,9.23,6.4,6.24,6.4,10.17,5.01,"Oct 12, 2026",n/a
SVCE,South Valley Cement Company,"Cement, Hydraulic",10.4,5020000000.0,7437182,77346693,2026-10-07,,,1.61189,1.81301,,-5.6,-1.0,,2760000000.0,97.914,-280270000.0,,-10.15,-8.62,1.32,0.62,0.599,,,0.42,n/a,,,,46.48,12.43,9.7,7.76,8.6,13.39,5.6,"Nov 26, 2026",n/a
AFMC,Alexandria Flour Mills,Miscellaneous Food Preparations And Kindred Products,158.61,5000000000.0,88813,14086630,2026-10-07,115.38,,18.09864,13.33279,,0.87,,,384360000.0,3.209,44410000.0,-18.002,11.55,15.51,0.08,,-0.711,0.49,112.1,0.21,n/a,,,,169.69,170.06,71.94,59.24,62.24,300,51.3,"Oct 7, 2026","Nov 10, 2025"
WCDF,Middle & West Delta Flour Mills,Bakery Products,654.28,4940000000.0,2496,1633083,2026-10-07,11.08,,5.89072,1.70478,,9.02,59.65,10.785,2910000000.0,6.397,447400000.0,10.785,15.37,48.29,10.26,,-1.687,5.47,75.13,0.16,n/a,,,,31.22,676.37,506.06,517.05,479.81,796,450,"Nov 5, 2026","Oct 13, 2026"
GSSC,General Co. For Silos & Storage,Farm-product Raw Materials,284.47,4870000000.0,5577,1586489,2026-10-07,30.38,,5.43779,2.52697,,3.29,9.15,24.145,1930000000.0,33.777,160210000.0,24.145,8.3,39.21,4.47,0.733,-0.439,1.53,19.88,0.69,n/a,,,,11.43,303,248.17,234.06,238.89,333.9,205.05,"Oct 22, 2026","Dec 17, 2025"
SDTI,SHARM DREAMS Co. for Touristic Investment S.A.E,Miscellaneous Amusement And Recreation,84.33,4610000000.0,293960,24789647,2026-10-07,27.9,,8.72363,11.1148,,3.58,3.01,37.953,400440000.0,30.803,159500000.0,50.918,39.83,45.79,7.64,3.288,3.202,,,-0.07,n/a,,,,403.9,70.6,46.59,41.38,25.61,94.9,16.52,"Nov 11, 2026",n/a
DSCW,Dice For Ready-Made Garments (SAE),Apparel and Other Finished Products Made From Fabrics and Similar Materials,1.7,4560000000.0,3533086,6006246,2026-10-07,39.18,,3.15969,0.61483,,2.55,0.04,-86.683,7410000000.0,19.433,116280000.0,-86.683,1.57,8.33,8.61,3.321,3.191,6.58,,0.18,n/a,,,,-0.76,1.95,1.74,1.8,1.77,2.21,1.45,"Dec 2, 2026",n/a
AMER,Amer Group Holding Company S.A.E.,Real Estate,4.75,4540000000.0,9044637,42962026,2026-10-07,26.73,,1.94098,2.6591,,3.74,0.19,280.499,1700000000.0,16.779,169530000.0,276.011,9.97,15.59,2.24,0.922,0.772,,,0.73,n/a,,,,314.88,5.53,2.48,1.85,2.26,8.47,1.18,"Nov 5, 2026",n/a
SAIB,Société Arabe Internationale de Banque S.A.E,Commercial Banks,2.53,4390000000.0,,,2026-10-07,4.0,,0.20684,0.55619,,26.12,34.58,-0.866,7880000000.0,3.443,1140000000.0,-10.998,14.47,6.98,0.81,0.087,-1.193,19.89,84.51,0.2,n/a,,,,19.91,2.53,2.11,2.11,2.11,3.03,2.11,"Nov 12, 2026","Apr 12, 2026"
MFSC,Egypt Free Shops Co.,"Retail Stores, Not Elsewhere Classified",45.28,4200000000.0,51782,2344689,2026-10-07,16.32,,8.52013,3.1708,,6.13,,,1340000000.0,1.626,260160000.00000003,-21.724,19.41,60.62,30.55,,-0.302,7.44,,1.1,n/a,,,,55.39,52.24,49.7,31,34.28,65.6,29.02,"Dec 14, 2026","Oct 1, 2026"
OFH,O B Financial Holding S.A.E,"Security and Commodity Brokers, Dealers, Exchanges, and Services",0.91,4080000000.0,26599440,24205490,2026-10-07,52.45,,1.31806,,,1.91,0.02,-83.625,,,77800000.0,-83.694,,2.54,-0.59,0.001,-0.267,,,0.15,n/a,,,,33.33,1.03,0.622,0.574,0.56,1.18,0.483,"Nov 23, 2026",n/a
ACGC,Arabia Cotton Ginning Company,Textile Mill Products,14.58,4050000000.0,191178,2787375,2026-10-07,11.46,,1.22259,1.3465,,8.73,,,3020000000.0,-19.872,354900000.0,-24.417,11.75,14.41,2.74,0.35,0.077,1.62,14.71,-0.33,n/a,,,,100.53,14.18,8.648,7.222,8.296,16.09,6.426,"Nov 26, 2026",n/a
UNIT,United Co. for Housing & Development - S.A.E.,"Land Subdividers and Developers, Except Cemeteries",17.53,4050000000.0,1343308,23548189,2026-10-07,16.4,,3.9909,10.49975,,6.17,1.07,61.226,381790000.0,27.045,247380000.0,59.239,64.79,27.23,5.65,0.375,-0.778,0.71,7.87,0.4,n/a,,,,52.97,18.47,13.41,9.81,10.73,23.95,8.22,"Nov 26, 2026","May 12, 2026"
AJWA,AJWA For Food Industries Co. Egypt,Fats And Oils,182.01,3940000000.0,228709,41627325,2026-10-07,,,3.39898,2.20616,,-1.93,-3.8,,1800000000.0,9.194,-76400000.0,,-4.24,-7.45,0.86,0.216,-0.093,,,0.13,n/a,,,,33.89,178.99,179.96,114.03,129.13,210,92.55,"Dec 10, 2026",n/a
KZPC,Kafr El Zayat For Pesticides & Chemicals Co.(S.A.E),Agricultural Chemicals,13,3790000000.0,438484,5700292,2026-10-07,,,5.5429,1.64898,,-2.37,-0.31,,2300000000.0,-41.345,-89960000.0,,-3.91,-10.11,5.44,2.944,2.833,2.85,,0.07,n/a,,,,51.61,12.91,8.56,8.208,8.5,16.74,7.333,"Nov 12, 2026","Sep 28, 2025"
UEFM,Upper Egypt Mills Company J.S.C,Bakery Products,499.92,3640000000.0,13336,6666933,2026-10-07,13.95,,5.24805,1.40758,,7.17,36.64,-9.815,2540000000.0,-33.685,256500000.0,-9.815,10.1,43.26,11.4,,-0.404,3.85,88.07,0.07,n/a,,,,-1.72,535.39,477.74,502.36,478.45,625,400.01,"Oct 12, 2026","Dec 9, 2025"
GDWA,Gadwa for Industrial Development,"Engineering, Accounting, Research, Management, and Related Services",0.672,3590000000.0,12178880,8184207,2026-10-07,,,0.75371,0.26386,,-10.06,-0.07,,13630000000.0,-28.423,-361800000.0,,-2.65,-10.51,5.26,2.648,2.399,,,0.72,n/a,,,,-51.02,0.83,0.765,0.749,1,1.73,0.605,"Nov 19, 2026",n/a
CRST,Creast Mark For Contracting And Real Estate Development,"Water, Sewer, Pipeline, and Communications and Power Line Construction",3.1,3480000000.0,32879920,101927752,2026-10-07,115.12,,12.64922,39.96243,,0.5,0.03,-83.807,88200000.0,-68.612,17760000.0,-81.212,20.14,3.23,0.12,0.047,-0.261,,,0.61,n/a,,,,726.32,2.99,1.3,0.684,0.59,4.09,0.357,"Nov 12, 2026",n/a
ADCI,The Arab Drug Company,Pharmaceutical Preparations,273.22,3260000000.0,2600,710372,2026-10-07,13.99,,4.32768,2.37274,,8.14,19.37,13.474,1370000000.0,22.545,264709999.99999997,16.173,19.32,38.62,16.55,0.746,0.586,1.53,43.02,0.54,n/a,,,,59.38,295.64,238.5,159.25,215.85,389.99,140,"Nov 12, 2026","Oct 28, 2025"
GPIM,GPI for Urban Growth,"Land Subdividers and Developers, Except Cemeteries",1.88,3080000000.0,8495694,15971905,2026-10-07,263.53,,16.36589,67.83383,,0.38,0.01,4.405,45350000.0,153.296,11680000.0,4.419,25.76,8.33,3.61,0.002,-0.259,,,0.1,n/a,,,,704.11,1.56,1.14,0.861,0.673,2.15,0.231,"Nov 12, 2026",n/a
ACTF,Act Financial,"Investors, not elsewhere classified",2.65,3000000000.0,8247553.999999999,21856018,2026-10-07,,,1.72274,30.9011,,-14.56,-0.39,,96870000.0,-92.412,-435800000.0,,-449.88,-21.76,-4.86,0,-1.593,6.48,,0.12,n/a,,,,-8.71,2.78,2.67,2.65,2.81,3.25,2.5,n/a,"Aug 18, 2025"
ELKA,Cairo for Housing and Development Company (S.A.E),Real Estate,1.66,2990000000.0,8425232,13985885,2026-10-07,2.89,,0.47884,6.37856,,34.61,0.55,1525.578,465750000.0,-13.863,1030000000.0,1649.417,221.15,18.04,1.67,0.138,0.126,,,0.35,n/a,,,,35.25,1.87,1.44,1.08,1.486,2.25,0.96,"Nov 19, 2026",n/a
ASCM,"ASEC Company for Mining ASCOM, S.A.E",Metal Mining,57.38,2800000000.0,57897,3322130,2026-10-07,5.29,,1.08683,0.62713,,18.89,,,4460000000.0,19.779,527850000.0,,11.84,,,1.801,1.685,,,1.25,n/a,,,,29.53,63,60.1,41.1,43.39,73.73,37,"Dec 24, 2026",n/a
LCSW,Lecico Egypt (S.A.E.),Pottery And Related Products,35.2,2790000000.0,718160,25279232,2026-10-07,9.75,,1.1851,0.32648,,10.25,3.61,-37.129,8630000000.0,18.511,288690000.0,-37.129,3.35,9.83,6.76,1.277,1.108,,,-0.43,n/a,,,,36.59,34.75,28.41,24.85,25.58,37.79,22.82,"Nov 12, 2026",n/a
ELSH,Al-Shams Company for Housing and Urban Development,Real Estate,11.86,2740000000.0,2335548,27699599,2026-10-07,16.56,,2.34363,11.35089,,6.04,0.73,3.469,241450000.0,29.907,165490000.0,3.469,68.54,15.04,6.0,0.118,-0.102,0.41,26.34,0.2,n/a,,,,56.92,13.49,13.83,7.07,8.37,15.59,6.32,"Nov 12, 2026","Jun 25, 2026"
ICFC,International Company for Fertilizers and Chemicals S.A.E,Miscellaneous Non-durable Goods,23.19,2710000000.0,649227,15055574,2026-10-07,11.83,,,,,,1.95,2.275,4050000000.0,45.735,227640000.0,3.928,5.62,24.28,5.8,0.137,0.068,,3.85,5.0,n/a,,,,,24.6,,,,24.76,19.55,n/a,n/a
CFGH,Concrete Fashion Group For Commercial and Industrial investments S.A.E,Apparel and Other Finished Products Made From Fabrics and Similar Materials,0.11,2680000000.0,125556,13811,2026-10-07,3.96,,1.10612,0.33237,,23.73,1.37,8.84,8140000000.000001,0.843,642310000.0,8.84,7.89,31.84,9.33,2.725,2.599,,13.86,0.14,n/a,,,,10.0,0.123,0.1,0.11,0.115,0.147,0.088,"Dec 3, 2026",n/a
INFI,Ismailia National Co. for Food Industries,"Canned, Frozen, And Preserved Fruits, Vegetables, and Food Specialties",125.07,2630000000.0,149403,18685833,2026-10-07,61.15,,10.44144,6.99059,,1.64,2.19,-50.459,390400000.0,3.284,44630000.0,-50.459,11.43,17.64,6.73,0.061,-0.078,0.12,49.71,0.23,n/a,,,,73.13,147,93.73,87.81,90.714,192,71.429,"Nov 18, 2026","Apr 28, 2025"
NAHO,Naeem Holding Company For Investments (S.A.E - Free Zone),"Security Brokers, Dealers, and Flotation Companies",0.133,2630000000.0,43692,5811,2026-10-07,,,0.38127,-19.12195,,-21.33,,,-137500000.0,-10.721,-560710000.0,,407.79,-7.22,-6.25,0.094,0.007,,,0.04,n/a,,,,3.91,0.138,0.104,0.104,0.112,0.158,0.1,"Nov 12, 2026",n/a
ATLC,Al Tawfeek Leasing Company,Miscellaneous business Credit Institutions,6.38,2520000000.0,620490,3958726,2026-10-07,10.68,,1.84222,1.27918,,9.39,0.58,-33.252,1930000000.0,6.663,231850000.0,26.601,12.01,21.71,3.18,5.784,5.457,9.51,316.66,0.07,n/a,,,,43.49,7.02,5.26,4.73,4.12,8.1,3.85,"Nov 12, 2026","Apr 9, 2026"
ZEOT,Extracted Oil & Derivatives Co.,Fats And Oils,12.6,2520000000.0,247277,3115690,2026-10-07,56.32,,8.67533,0.56599,,1.78,0.23,2476.08,4560000000.0,37.473,45810000.0,2459.385,1.0,16.62,1.02,0.097,-0.029,0.71,,0.09,n/a,,,,123.01,14.09,11.1,8.59,8.63,14.99,5.05,"Feb 14, 2027",n/a
DAPH,Development & Engineering Consultants,Engineering Services,95.44,2510000000.0,1026308,97950836,2026-10-07,,,2.93435,4.01798,,-3.1,-3.3,,624240000.0,184.047,-77640000.0,,-12.44,-7.13,-0.36,1.219,0.761,,,0.02,n/a,,,,46.81,130,82.96,76.59,88.82,157,62.22,"Nov 26, 2026",n/a
ALRA,Atlas for Investment & Food Industries,Agricultural Production Crops,2.34,2500000000.0,2203048,5155132,2026-10-07,,,20.61844,25.88572,,-0.14,-0.0,,96510000.0,140.302,-3560000.0,,-3.69,-1.64,-0.66,0.903,0.41,,,0.04,n/a,,,,20.56,2.57,2.01,1.71,3.58,3.64,1.45,"Dec 10, 2026",n/a
ACAMD,"Arab Co.,for asset management and development","Land Subdividers and Developers, Except Cemeteries",2.05,2480000000.0,17762580,36413289,2026-10-07,21.76,,36.00978,7.46098,,4.9,0.09,,332160000.0,23768.241,121550000.0,,36.59,191.88,43.55,0.019,-2.139,4.88,,0.71,n/a,,,,115.79,2.1,2.31,1.76,1.72,2.6,0.91,"Nov 16, 2026","Aug 10, 2026"
EDFM,East Delta Flour Mills,Bakery Products,398.14,2460000000.0,6348,2527393,2026-10-07,11.69,,4.49113,2.71096,,8.55,34.21,-2.095,885160000.0,8.265,205240000.0,-2.095,23.19,39.41,5.68,,-0.907,5.61,67.24,0.37,n/a,,,,25.01,425.33,320.43,302.17,309.56,465,293.09,"Nov 10, 2026","Nov 5, 2025"
ETRS,Egyptian Transport & Commercial Services Co. -EGYTRANS NOSCO,Water Transportation,10.99,2430000000.0,1119707,12305580,2026-10-07,12.72,,2.25656,1.72256,,7.27,0.87,133.492,1440000000.0,50.257,180780000.0,198.667,12.55,22.45,8.49,0.139,-0.261,2.32,28.23,-0.05,n/a,,,,59.91,11.41,10.76,7.51,8.05,11.79,6.12,"Nov 12, 2026","Jul 29, 2026"
MPCO,Mansoura Poultry co.S.A.E,Food and Kindred Products,2.4,2390000000.0,27835510,66805224,2026-10-07,,,10.09562,3.68444,,-7.21,-0.18,,651390000.0,-33.041,-172960000.0,,-26.55,-58.68,-23.18,0.594,0.533,,,-0.0,n/a,,,,26.12,2.18,1.83,1.56,1.69,3.02,1.37,"Nov 10, 2026",n/a
ISMA,Ismailia / Misr Poultry Company S.A.E,Poultry Slaughtering and Processing,25.98,2300000000.0,90730,2357165,2026-10-07,54.4,,11.13005,41.31741,,1.84,0.48,-25.712,56500000.0,-21.8,42910000.0,-25.712,75.95,23.11,7.23,0.536,0.431,,,0.53,n/a,,,,113.83,33.39,28.07,13.45,13.8,40.49,12.05,"Nov 11, 2026",n/a
GTWL,Golden Textiles & Clothes Wool,Textile Mill Products,166.51,2290000000.0,446884,74410655,2026-10-07,22.9,,2.35948,2.604,,4.37,6.99,24.763,877630000.0,22.972,99800000.0,25.456,11.37,12.03,5.72,0.802,0.79,0.31,,-0.23,n/a,,,,322.38,236,89.27,44.24,47.82,248.84,36.63,"Nov 12, 2026",n/a
MAAL,Marseille Almasreia Alkhalegeya For Holding Investment SAE,"Land Subdividers and Developers, Except Cemeteries",10.82,2260000000.0,688160,7445891,2026-10-07,,,,,,,,,,,,,,,,,,,,0.02,n/a,,,,160.64,9.94,7.54,4.99,4.22,12.25,3.35,n/a,n/a
SMFR,Samad Misr EGYFERT.S.A.E,Agricultural Chemicals,224.44,2230000000.0,8222,1845346,2026-10-07,28.64,,1.13448,3.76853,,3.49,8.28,101.215,604300000.0,98.75,79510000.0,103.944,13.16,6.48,1.08,,-0.01,5.44,50.85,0.27,n/a,,,,17.75,253.44,195.23,173.42,191.25,309,163,"Nov 11, 2026","Apr 28, 2026"
NARE,Naeem Real Estate Holding Group,Engineering Services,16.92,2180000000.0,367384,6216137,2026-10-07,20.1,,0.88002,7.9748,,4.97,,,275040000.0,-3.547,109120000.0,-12.113,39.67,6.16,,0.006,-0.111,,,0.67,n/a,,,,118.17,17.23,13.82,8.6,7.4,21.85,6.64,"Nov 12, 2026",n/a
CEFM,Middle Egypt Flour Mills,Miscellaneous Food Preparations And Kindred Products,139.56,2000000000.0,23462,3274357,2026-10-07,15.87,,4.56091,2.23876,,6.3,8.81,-2.05,919640000.0,12.45,129720000.0,-1.841,14.11,28.74,10.93,,-0.59,3.68,56.75,0.34,n/a,,,,56.51,145.34,100.65,84.16,102.59,168,69.16,"Nov 12, 2026","Nov 4, 2025"
MILS,North Cairo Flour Mills,Bakery Products,184.86,1970000000.0,24784,4581570,2026-10-07,,,7.74791,1.75261,,-2.16,-4.7,,1120000000.0,-8.655,-42400000.0,-6.627,-3.79,15.54,1.04,,-0.377,1.63,,0.28,n/a,,,,101.13,200.17,130.29,99.35,129.38,248.4,88.31,"Nov 11, 2026","Nov 4, 2025"
PHGC,Premium Healthcare Group,Medical Laboratories,0.083,1940000000.0,53042440,4402523,2026-10-07,,,,,,,,,,,,,,,,,,,,,n/a,,,,5.06,0.088,0.086,0.081,0.096,0.107,0.07,n/a,n/a
SNFC,Sharkia National Company for Food Security,Grain Mill Products,11.61,1910000000.0,1454709,16889171,2026-10-07,898.86,,40.26917,104.84049,,0.11,0.01,5.612,18010000.0,31.373,2100000.0,5.828,11.66,4.12,-0.36,,-0.233,,,0.04,n/a,,,,20.76,10.62,11.91,10.1,10.3,12.99,7.5,"Nov 5, 2026",n/a
IDRE,Ismailia Development and Real Estate Co,"Land Subdividers and Developers, Except Cemeteries",49.64,1850000000.0,73665,3656731,2026-10-07,1982.55,,12.41313,749.06752,,0.05,0.03,-89.086,2520000.0,-76.117,953220.0,-89.086,37.83,0.6,-0.46,,-0.086,,,0.31,n/a,,,,38.39,54.4,44.73,32.64,40.71,59.7,30.5,"Nov 9, 2026",n/a
ICID,International Co. For Investment & Development,Real Estate,18.8,1820000000.0,138233,2598780,2026-10-07,268.34,,9.5843,131.58333,,0.37,0.07,-56.531,13760000.0,16.273,6720000.0,-54.257,48.84,5.57,-1.38,,-0.461,,,0.44,n/a,,,,377.84,18.78,7.97,4.06,4.68,20,3.45,"Nov 15, 2026",n/a
RACC,Raya Customer Experience,Computer Processing and Data Preparation and Processing Services,9.31,1810000000.0,427166,3976915,2026-10-07,7.17,,1.42669,0.56023,,14.24,1.31,50.035,3260000000.0,24.138,260459999.99999997,34.326,7.99,28.43,12.37,0.659,0.165,3.33,4.31,0.28,n/a,,,,3.87,9.82,9.96,8.61,8.39,12.14,7.62,"Nov 12, 2026",n/a
GGRN,Go Green For Agricultural Investment And Development,Construction Machinery and Equipment,1.29,1810000000.0,3471193,4477839,2026-10-07,,,,,,,,,,,,,,,,,,,,-2.57,n/a,,,,-0.77,1.5,1.43,2.02,2.46,2.85,1.2,n/a,n/a
EALR,Arab Company For Land Reclamation,Heavy Construction Other Than Building Construction Contractors,343.35,1780000000.0,14261,4896514,2026-10-07,434.41,,24.77643,11.29593,,0.23,0.79,-58.093,158040000.0,9.624,4110000.0000000005,-58.093,2.6,5.57,1.36,0.079,-0.17,,,-0.12,n/a,,,,20.83,379.68,341.09,332.22,370.84,471.18,237.66,"Oct 7, 2026",n/a
NCCW,Nasr Company for Civil Works,Heavy Construction Other Than Building Construction Contractors,7.05,1770000000.0,1827977,12887238,2026-10-07,34.87,,5.54853,6.27487,,2.87,0.2,-24.775,283130000.0,-14.348,50950000.0,-24.775,18.0,16.99,-2.25,0.336,-0.01,,10.2,0.09,n/a,,,,12.95,6.09,5.242,4,5.1,8.85,3.483,"Nov 11, 2026",n/a
ADPC,The Arab Dairy Products Co.,Dairy Products,3.59,1740000000.0,2868699,10298629,2026-10-07,,,2.23463,0.6264,,-13.95,-0.5,,2800000000.0,-0.366,-244290000.0,,-8.72,-34.44,0.41,1.735,1.679,,,0.13,n/a,,,,21.92,3.97,3.48,3.45,3.84,4.66,2.81,"Nov 18, 2026",n/a
DTPP,Delta Co. For Printing & Packaging S.A.E,Commercial Printing,292.87,1710000000.0,171014,50084870,2026-10-07,18.31,,7.48059,1.9774,,5.46,17.36,60.058,900580000.0,12.618,97240000.0,74.32,10.8,54.22,21.53,1.352,1.002,2.95,54.84,0.01,n/a,,,,203.52,304.02,204,107.15,119.92,380,90,"Nov 10, 2026","May 5, 2026"
AALR,"General Company For Land Reclamation, Development & Reconstruction",Heavy Construction Other Than Building Construction Contractors,265.53,1700000000.0,23418,6218182,2026-10-07,300.54,,-3.51611,10.29795,,0.33,0.88,,167860000.0,69.526,5750000.0,,3.43,,1.19,-0.283,-0.218,,,-0.12,n/a,,,,59.02,301.64,206.23,163.11,183.38,375,134,"Nov 11, 2026",n/a
EHDR,Egyptians for Housing & Development Co.,Real Estate,2.53,1700000000.0,2474974,6261684,2026-10-07,25.29,,2.54454,6.5929,,3.95,0.1,-6.908,257880000.0,11.358,67230000.0,-5.301,26.07,11.37,7.04,0.019,-0.224,3.95,90.48,-0.12,n/a,,,,43.75,2.88,2.57,2.11,2.51,3.2,1.755,"Nov 23, 2026","Apr 14, 2026"
KRDI,AlKhair River for Development Agricultural Investment and Environmental Services,Agricultural Production Crops,0.423,1670000000.0,49203270,20812983,2026-10-07,35.96,,1.74143,3.96534,,1.5,0.01,-62.019,416030000.0,12.646,24760000.0,-60.027,5.95,6.83,3.28,0.324,0.173,,,-0.44,n/a,,,,-20.34,0.449,0.346,0.6,0.632,0.736,0.335,"Nov 19, 2026",n/a
MOSC,Misr Oils & Soap,"Soap, Detergents, And Cleaning Preparations; Perfumes, Cosmetics, and Other Toilet Preparations",287.45,1670000000.0,3811,1095472,2026-10-07,23.23,,14.56814,0.52532,,4.31,12.2,,3240000000.0,7.369,73210000.0,,2.26,83.49,12.51,,-0.132,0.18,,1.15,n/a,,,,45.13,323.24,269.87,175.98,181.89,380,127.11,"Sep 24, 2026","Jan 27, 2026"
WKOL,Wadi Kom Ombo For Land Reclamation Co.,Heavy Construction Other Than Building Construction Contractors,292.14,1650000000.0,10000,2921400,2026-10-07,145.52,,9.28377,8.03172,,0.69,2.04,-87.607,206580000.0,-14.721,11400000.0,-60.125,5.52,22.53,5.19,,-1.86,5.13,53.52,-0.51,n/a,,,,23.64,340.5,282.7,283.6,313.07,390,222,"Oct 7, 2026","Dec 28, 2025"
MENA,Mena for Touristic & Real Estate Investment,Real Estate,6.68,1620000000.0,254624.00000000003,1700888,2026-10-07,,,15.59673,59.10945,,-0.23,-0.02,,27630000.0,397.184,-3730000.0,,-13.5,-1.11,-2.7,0.011,-0.183,,,-0.24,n/a,,,,46.42,6.99,6.89,5.18,4.79,7.78,4.05,"Nov 12, 2026",n/a
MBEG,M.B For Engineering & Contracting,Switchgear and Switchboard Apparatus,7.85,1610000000.0,1724028,13533620,2026-10-07,40.76,,,,,,0.19,937.994,802070000.0,66.221,39010000.0,657.16,4.86,11.84,6.11,0.949,0.897,,,,n/a,,,,,6.71,,,,8.1,5.72,"Nov 26, 2026",n/a
ECAP,Al Ezz Ceramics & Porcelain Co.,Structural Clay Products,30.48,1610000000.0,90960,2772461,2026-10-07,,,3.26487,0.53775,,-6.15,-1.86,,3000000000.0,5.114,-99150000.0,,-3.31,-18.24,4.6,4.837,4.588,,,0.06,n/a,,,,-2.77,33.62,33.01,27.11,31.49,43.5,23.51,"Nov 15, 2026",n/a
GGCC,Giza General - Contracting and Real Estate Investment S.A.E,Real Estate,0.73,1560000000.0,9095078,6639407,2026-10-07,9.48,,1.82694,1.20295,,10.54,0.08,112.623,1300000000.0,24.992,164290000.0,112.621,12.64,21.45,4.58,0.703,0.629,,2.49,-0.16,n/a,,,,110.19,0.867,0.518,0.361,0.432,1.31,0.3033,"Nov 26, 2026",n/a
SIPC,Sabaa International Company for Pharmaceutical and Chemical Industry,Pharmaceutical Preparations,5.73,1550000000.0,30140490,172705008,2026-10-07,673.3,,14.26052,30.79437,,0.15,0.01,,46520000.0,41.431,2130000.0,,4.58,2.13,2.52,0.236,0.191,,,0.45,n/a,,,,103.92,5.25,3.42,3.16,3.72,7.28,2.62,"Nov 12, 2026",n/a
ODIN,ODIN Investments (S.A.E),"Security and Commodity Brokers, Dealers, Exchanges, and Services",2.53,1520000000.0,1771322,4481445,2026-10-07,13.01,,4.06704,7.51087,,8.01,0.2,-33.876,202910000.0,21.777,122010000.0,-29.292,60.13,36.56,,0.001,-0.463,2.96,2.2,0.06,n/a,,,,51.5,2.95,2.37,1.84,2.25,3.92,1.63,"Nov 10, 2026","Apr 20, 2026"
CERA,The Arab Ceramic Co.,Structural Clay Products,1.41,1490000000.0,109041400,153748374,2026-10-07,44.97,,3.18192,0.62864,,2.22,0.03,-63.399,2370000000.0,20.402,33090000.000000004,-65.632,1.4,7.28,3.95,2.545,2.52,,19.42,0.23,n/a,,,,16.24,1.5,1.23,1.06,1.27,2.08,0.93,"Nov 12, 2026",n/a
SCFM,South Cairo and Giza Flour Mills and Bakeries Company,Bakery Products,249.42,1470000000.0,2617,652732,2026-10-07,21.21,,25.74259,4.12355,,4.71,11.76,,362920000.0,49.429,70540000.0,,19.44,,3.48,,-4.261,,,0.54,n/a,,,,117.44,276.14,243.97,223.13,263.62,343,112.04,"Nov 19, 2026",n/a
DEIN,Delta Insurance Company,Insurance Carriers,10.35,1420000000.0,3,31,2026-10-07,1.55,,0.44237,0.4509,,58.11,6.68,-6.862,3160000000.0,91.284,826990000.0,-14.935,26.17,32.76,10.82,,-0.341,17.57,32.93,-0.07,n/a,,,,0.05,10.35,10.345,10.345,10.345,12.42,10.345,"Nov 12, 2026","Jun 18, 2025"
CAED,Cairo Educational Services SAE,Educational Services,123.11,1410000000.0,61596,7583084,2026-10-07,222.97,,16.45521,9.9136,,0.45,0.54,-38.414,146760000.0,18.851,6530000.0,-48.143,4.45,7.54,3.76,,0,1.19,245.05,0.67,n/a,,,,67.25,140.24,71.47,53.62,66.33,185.7,51.5,"Nov 18, 2026","Jan 19, 2026"
ASPI,Aspire Capital Holding for Financial Investments,"Security Brokers, Dealers, and Flotation Companies",0.36,1400000000.0,40633570,14628085,2026-10-07,6.28,,1.89446,2.71251,,8.15,0.06,1.749,517600000.0,23.784,114410000.0,29.51,22.1,17.18,3.33,2.442,1.198,,3.05,0.3,n/a,,,,20.4,0.43,0.318,0.286,0.319,0.585,0.257,"Nov 26, 2026",n/a
AIHC,Arabia Investments Holding,"Investors, not elsewhere classified",0.824,1300000000.0,71129960,58611087,2026-10-07,,,3.01879,1.63021,,-11.31,-0.09,,787570000.0,-47.869,-145180000.0,,-18.43,-24.02,-3.19,4.259,4.177,,,0.25,n/a,,,,193.24,0.812,0.471,0.31,0.344,0.86,0.27,"Dec 16, 2026",n/a
PRCL,The General Company for Ceramic and Porcelain Products,Pottery And Related Products,26.99,1290000000.0,64251,1734134,2026-10-07,,,-6.36765,13.51391,,-8.42,-2.15,,95150000.0,-66.09,-108230000.0,,-113.75,,-3.91,-0.277,-0.251,,,-0.34,n/a,,,,78.66,31.9,33.95,15.48,16.1,38.25,13.2,"Nov 12, 2026",n/a
NDRL,National Drilling Company,Drilling Oil and Gas Wells,4.69,1230000000.0,10,47,2026-10-07,2.31,,0.41198,0.83299,,40.69,99.84,55.455,1470000000.0,55.834,499190000.0,55.455,33.96,18.3,8.02,0.304,0.133,,,,n/a,,,,,4.69,4.69,4.69,4.69,5.62,4.69,"Nov 12, 2026",n/a
LUTS,Lotus For Agricultural Investments And Development,Agricultural Production Crops,0.931,1220000000.0,48548360,45198523,2026-10-07,,,,,,,,,,,,,,,,,,,,,n/a,,,,102.69,0.871,0.5763,0.4184,0.4729,1.969,0.3797,n/a,n/a
SEIGA,Saudi Egyptian Investment & Finance Co. S.A.E,"Security and Commodity Brokers, Dealers, Exchanges, and Services",0.95,1210000000.0,,,2026-10-07,28.4,,,,,,8.54,5.377,62460000.0,4.167,42700000.0,5.783,68.36,,,,,4.03,31.44,,n/a,,,,,0.95,0.95,0.95,0.95,0.95,0.95,"Nov 4, 2026","Apr 29, 2026"
NHPS,National Company for Housing Professional Syndicates SAE,Real Estate,72.01,1170000000.0,62934.00000000001,4531877,2026-10-07,26.27,,5.37381,,,3.81,2.83,-37.724,,,45260000.0,-37.724,,19.79,-1.18,,-0.849,10.23,327.02,0.41,n/a,,,,-0.63,86.75,67.54,64.02,76.37,107.9,55,"Nov 12, 2026","Jun 25, 2026"
SEIG,Saudi Egyptian Investment & Finance Co. S.A.E,"Security and Commodity Brokers, Dealers, Exchanges, and Services",242.56,1170000000.0,5257,1275138,2026-10-07,28.4,,2.21418,19.41644,,3.52,8.54,5.377,62460000.0,4.167,42700000.0,5.783,68.36,10.32,6.18,,-0.46,0.64,31.44,0.54,n/a,,,,64.41,263.83,190.31,156.91,172.89,295,126,"Nov 4, 2026","Apr 29, 2026"
OBRI,El-Ebour Co. for Real Estate Investment S.A.E.,"Land Subdividers and Developers, Except Cemeteries",28.99,1130000000.0,275920,7998921,2026-10-07,14.84,,3.35786,0.59507,,6.74,1.92,152.863,1910000000.0,105.951,76660000.0,152.863,4.01,25.55,2.71,0.134,-1.186,,,-0.12,n/a,,,,73.49,33.8,35,35.6,38.16,45.75,15.1,"Nov 12, 2026",n/a
IEEC,Industrial & Engineering Projects,"Highway and Street Construction, Except Elevated Highways",0.81,1130000000.0,37605300,30460293,2026-10-07,,,,,,,,,,,,,,,,,,,,0.58,n/a,,,,,0.99,,,,1.13,0.726,n/a,n/a
MEPA,Medical Packaging Company,"Converted Paper And Paperboard Products, Except Containers And Boxes",1.73,1130000000.0,2762197,4778601,2026-10-07,209.09,,5.05752,11.31262,,0.48,0.01,-85.345,100170000.0,-25.131,5420000.0,-85.345,5.41,2.45,0.84,0.177,-0.155,,,0.57,n/a,,,,35.16,1.88,1.62,1.52,1.87,2.25,1.16,"Nov 15, 2026",n/a
UEGC,"El-Saeed Company for Contracting and Real Estate Investment ""SCCD"" (S.A.E.)",Heavy Construction Other Than Building Construction Contractors,1.57,1120000000.0,7748928,12165817,2026-10-07,26.41,,0.82776,0.51231,,3.79,0.06,-60.596,2220000000.0,26.193,43120000.0,-60.694,1.94,3.17,7.18,1.262,1.22,,24.47,-0.09,n/a,,,,52.43,1.69,1.54,1.33,1.5,2.87,1.02,"Nov 23, 2026",n/a
RUBX,Rubex International for Plastic and Acrylic Manufacturing,Miscellaneous Plastics Products,16.57,1110000000.0,6196633,102678209,2026-10-07,,,7.11607,2.7686,,-0.72,-0.13,,399530000.0,1.373,-7990000.0,,-2.0,-5.01,1.24,1.119,0.856,,,0.1,n/a,,,,81.75,12.69,13.25,8.85,10.24,19.7,8.11,"Nov 12, 2026",n/a
AIDC,Arabia for Investment and Development S.A.E.,Heavy Construction Other Than Building Construction Contractors,0.675,1060000000.0,12290680,8296209,2026-10-07,,,,,,,,,,,,,,,,,,,,,n/a,,,,175.3,0.748,0.662,0.447,0.435,0.87,0.249,"Dec 16, 2026",n/a
COSG,Cairo Oil & Soap Company,Fats And Oils,1.64,1000000000.0,5547428,9097782,2026-10-07,,,2.21406,1.23277,,-3.78,-0.06,,820010000.0,-11.395,-38250000.0,,-4.66,-8.04,1.15,0.564,0.562,,,-0.24,n/a,,,,13.29,1.94,1.56,1.33,1.55,2,1.24,"Nov 15, 2026",n/a
POCO,Port Said Containers And Cargo Handling Co.,Water Transportation,5,1000000000.0,,,2025-02-20,,,,,,,,,,,,,,,,,,,,0.36,n/a,,,,509.31,0.8206,0.8206,0.8206,0.8206,5,0.8206,n/a,n/a
ALUM,Arab Aluminum Company (S.A.E),"Rolling, Drawing, And Extruding Of Nonferrous Metals",23.69,997440000.0,92033,2180262,2026-10-07,68.73,,8.39665,1.73192,,1.45,0.34,,579830000.0,25.41,14610000.0,,2.52,13.01,6.22,0.57,0.381,0.35,94.69,0.07,n/a,,,,43.84,28.17,22,21.53,21.2,30.98,14.05,"Nov 16, 2026",n/a
TWSA,Tawasoa For Factoring,"Short-Term Business Credit Institutions, Except Agricultural",7.5,991300000.0,14617870,109634025,2026-10-07,41.06,,,,,,0.18,37.945,47490000.0,35.448,13620000.0,13.097,28.68,12.76,7.78,0.461,0.352,0.83,48.27,,n/a,,,,,7.5,,,,8.62,6.3,"Nov 12, 2026","May 5, 2026"
GTEX,GTEX for Commercial and Industrial Investments S.A.E,Conglomerates,0.04,983590000.0,,,2026-10-07,,,,,,,,,,,,,,,,,,,,0.4,n/a,,,,8.11,0.044,0.034,0.033,0.036,0.047,0.031,n/a,n/a
AFDI,Al Ahly for Development & Investment,"Security and Commodity Brokers, Dealers, Exchanges, and Services",52,973260000.0,114914,5975528,2026-10-07,229.2,,2.97966,5.70117,,0.44,0.23,-86.984,169070000.0,-3.534,4210000.0,-86.984,2.49,1.67,3.55,2.917,2.561,,267.86,0.4,n/a,,,,49.33,55.99,44.31,33.48,33.8,69.89,29.72,"Jun 3, 2027",n/a
RREI,Arab Real Estate Investment Co.,Real Estate,4.05,963420000.0,1552684,6288370,2026-10-07,27.72,,2.37754,5.10536,,3.61,0.14,505.295,189190000.0,166.695,34840000.0,552.799,18.42,9.7,2.27,,-0.233,,,0.35,n/a,,,,74.22,4.37,3.55,2.7,2.94,5.09,2.21,"Nov 12, 2026",n/a
TANM,Tanmiya For Real Estate Investment (S.A.E),Construction Special Trade Contractors,6.72,953030000.0,1624860,10919059,2026-10-07,,,,,,,,,,,,,,,,,,,,0.28,n/a,,,,33.33,5.4,5.37,4.35,4.73,8.5,4.1,n/a,n/a
EBSC,Osool ESB Securities Brokerage,"Security Brokers, Dealers, and Flotation Companies",1.75,925110000.0,480545,840954,2026-10-07,42.15,,4.6205,22.76648,,2.37,,,42010000.0,65.443,22690000.0,94.854,54.01,15.77,9.26,0.076,-0.049,,,0.5,n/a,,,,48.78,2.14,2.05,1.59,2.04,2.43,1.18,"Nov 12, 2026",n/a
RTVC,Remco Tourism Villages Construction,Hotels and Motels,3.62,908220000.0,479545,1735953,2026-10-07,0.32,,0.24785,0.1507,,312.95,11.39,,5960000000.0,470.73,2810000000.0,,47.15,144.9,10.7,0.236,0.218,,,0.28,n/a,,,,1.39,4.04,3.84,3.62,3.79,4.58,3.23,"Dec 10, 2026",n/a
AMII,Arabian Metal Industries and Industrial Investments,Miscellaneous Fabricated Metal Products,11.35,885070000.0,1776391,20162038,2026-10-07,1993.51,,7.61596,5.14518,,0.05,0.01,-87.785,172750000.0,27.932,445860.0,-88.945,0.26,0.38,3.79,0.484,0.448,0.85,56.92,-0.35,n/a,,,,42.21,15.15,10.89,7.33,8.16,17.25,6,"Nov 5, 2026",n/a
UNIP,Universal For Paper and Packaging Materials,"Converted Paper And Paperboard Products, Except Containers And Boxes",0.35,822630000.0,20767380,7268583,2026-10-07,29.25,,1.7052,0.60224,,1.9,0.01,-67.84,1400000000.0,-8.265,16040000.0,-78.363,1.15,,,1.206,1.09,2.79,,0.07,n/a,,,,53.98,0.375,0.325,0.272,0.3,0.436,0.231,"Nov 17, 2026",n/a
APSW,Unirab Polvara Spinning & Weaving Co.,Textile Mill Products,8.56,790710000.0,129925.00000000001,1112158,2026-10-07,,,20.59252,9.05423,,-6.33,-0.54,,88990000.0,-2.165,-50990000.0,,-57.3,-76.44,-11.19,0.167,0.075,,,-0.04,n/a,,,,-4.66,8.5,8.54,8.03,8.98,11.65,7.52,"Nov 12, 2026",n/a
ICLE,International Company for Leasing S.A.E.,Miscellaneous business Credit Institutions,15.76,788000000.0,,,2026-10-07,3.79,,0.59608,1.95187,,26.59,4.16,25.58,403710000.0,6.115,209520000.0,25.341,51.9,21.05,2.15,8.607,8.382,,18.57,0.0,n/a,,,,-0.01,15.76,15.76,15.76,15.762,18.914,15.378,"Aug 26, 2026",n/a
MEGM,Middle East Glass Manufacturing Company S.A.E.,Glass Containers,12.54,785360000.0,,,2026-10-07,0.93,,0.40872,0.13132,,111.64,13.47,784.056,5980000000.0,178.059,876780000.0,677.723,14.66,47.44,15.43,1.345,1.244,51.83,43.54,,n/a,,,,,12.54,12.54,12.54,12.54,12.54,12.54,"Oct 29, 2026","Jul 15, 2025"
PRMH,Prime Holding S.A.E,"Security and Commodity Brokers, Dealers, Exchanges, and Services",2.29,784000000.0,1039221,2379816,2026-10-07,6.92,,1.54677,2.84022,,14.46,0.33,72.512,278500000.0,57.831,114370000.0,72.512,41.07,24.9,7.57,0.387,-1.486,,3.03,0.44,n/a,,,,93.16,2.8,2.59,2,1.59,3.02,1.16,"Nov 12, 2026",n/a
EASB,Egyptian Arabian Company (Themar) for securities Brokerage EAC,"Security Brokers, Dealers, and Flotation Companies",7.52,764000000.0,262377,1973075,2026-10-07,24.29,,4.61485,12.311,,4.12,0.31,27.322,61160000.0,22.227,30990000.0,44.438,50.67,26.59,13.72,0.151,-0.599,1.77,6.5,0.39,n/a,,,,134.36,7.39,7.38,3.37,3.276,10.17,2.52,"Nov 11, 2026","May 11, 2025"
RAKT,Rakta Paper Manufacturing Company,Paper and Allied Products,22.77,716700000.0,11490,261627,2026-10-07,,,-1.09489,2232.87722,,-54.41,-13.0,,320980.0,12.467,-389980000.0,,-121496.67,,-157.81,-1.166,-1.151,,,-0.17,n/a,,,,-6.2,22.2,21.67,23.09,22.81,28,19.2,"May 25, 2026",n/a
ROTO,Rowad Tourism Company,Hotels and Motels,39.66,707360000.0,234150,9286389,2026-10-07,19.69,,2.56613,3.11737,,5.08,2.01,,219470000.0,47.264,34740000.0,,15.83,16.58,-1.31,0.14,0.07,1.22,,-0.54,n/a,,,,52.47,43.22,42.92,29.44,36.33,53.6,25.25,"Dec 10, 2026",n/a
MOED,"The Egyptian Modern Education Systems, S.A.E.",Educational Services,0.704,678380000.0,13925030,9803221,2026-10-07,227.27,,5.42858,12.08257,,0.44,0.0,-29.454,56140000.0,18.293,2990000.0,-29.441,5.33,2.83,2.05,0.491,0.481,,,0.41,n/a,,,,26.1,0.832,0.681,0.832,0.852,0.989,0.515,"Nov 15, 2026",n/a
TYCN,Tycoon Holding Company For Financial Investments,"Security and Commodity Brokers, Dealers, Exchanges, and Services",12.84,670890000.0,130508.99999999999,1675736,2026-10-07,114.15,,47.24133,80.34756,,0.88,0.11,308.057,8320000.0,192.091,5860000.0,308.048,70.43,52.2,47.02,0.063,-0.418,,,1.07,n/a,,,,94.18,15.02,27.8,9.939,8.074,41.4,5.37,"Nov 4, 2026",n/a
SPMD,Speed Medical Co,"Miscellaneous Health And Allied Services, Not Elsewhere Classified",0.385,640530000.0,19482840,7500893,2026-10-07,,,2.28236,11.70412,,-6.6,-0.03,,54730000.0,-12.552,-42240000.0,,-77.18,-12.75,-8.03,0.462,0.343,,,0.23,n/a,,,,18.83,0.445,0.432,0.332,0.373,0.622,0.3,"Nov 18, 2026",n/a
KWIN,El Kahera El Watania Investment,"Investors, not elsewhere classified",78.03,610420000.0,62638,4887643,2026-10-07,184.09,,3.98074,22.07082,,0.72,0.42,-79.132,28120000.0,38.788,4450000.0,-79.132,15.83,10.11,5.77,0.398,-0.927,,6.15,0.89,n/a,,,,7.84,106.09,68.22,56.94,73.33,137.9,52,"Nov 5, 2026",n/a
EEII,Arab Engineering Industries,Refrigeration And Service Industry Machinery,2.12,570840000.0,4148523,8794869,2026-10-07,139.2,,3.12857,3.09807,,0.72,0.02,-79.713,186850000.0,-18.529,4160000.0,-78.542,2.23,2.49,4.11,0.465,0.413,1.46,93.63,-0.01,n/a,,,,30.99,2.35,2.263,1.608,1.931,2.843,1.326,"Nov 4, 2026",n/a
AREH,Real Estate Egyptian Consortium S.A.E,"Land Subdividers and Developers, Except Cemeteries",1.32,516000000.0,4101686,5414226,2026-10-07,,,4.77727,29.62468,,-7.53,-0.1,,17420000.0,-14.871,-38870000.0,,-223.13,-30.89,1.72,0.062,-0.033,1.94,,-1.24,n/a,,,,22.64,1.47,1.57,1.12,1.39,1.76,0.88,"Nov 12, 2026",n/a
CCRS,Gulf Canadian Company for Arab Real Estate Investment,Real Estate,2.36,487200000.0,3910434,9228624,2026-10-07,158.34,,4.5373,,,0.86,0.01,,,,4210000.0,,,6.16,-2.01,,-0.787,,,0.53,n/a,,,,58.11,2.6,2.39,1.48,1.8,3.15,1.2,"Nov 16, 2026",n/a
FCMD,International Company For Medical Industries S.A.E.,"Orthopedic, Prosthetic, and Surgical Appliances and Supplies",7.71,441770000.0,6539998,50423385,2026-10-07,152.24,,12.04995,6.47308,,0.65,0.05,,67620000.0,22.391,2840000.0,,4.2,14.44,-1.84,0.194,0.187,,,0.65,n/a,,,,,7.02,,,,8,6.84,n/a,n/a
EPCO,Egypt for Poultry,Poultry Slaughtering and Processing,9.98,416760000.0,315687,3150556,2026-10-07,331.66,,5.74441,11.30047,,0.3,0.03,,37140000.0,396.428,1270000.0,,3.42,2.03,-0.31,,-0.021,,,0.07,n/a,,,,51.69,11.09,8.8,8.52,6.76,13.65,6.02,"Nov 12, 2026",n/a
GRCA,Grand Capital for Financial Investments,"Security Brokers, Dealers, and Flotation Companies",37.96,392080000.0,99110,3762216,2026-10-07,13.09,,4.74879,41.2538,,7.58,2.87,2506.018,9480000.0,28.313,29630000.0,2485.996,312.55,44.63,31.55,,-0.688,,,0.68,n/a,,,,106.43,60.75,38.79,42.525,22.568,64.875,17.49,"Nov 12, 2026",n/a
TRTO,Trans Oceans Tours,Transportation Services,0.064,361420000.0,70570,4516,2026-10-07,41.99,,3.43524,15.6318,,2.23,0.08,-50.117,23120000.0,-14.75,8070000.0,-45.937,34.9,10.64,1.69,0,-0.339,,39.71,0.51,n/a,,,,122.58,0.081,0.034,0.031,0.033,0.086,0.03,"Nov 12, 2026",n/a
GIHD,Gharbia Islamic Housing Development Company,"Land Subdividers and Developers, Except Cemeteries",65.2,350660000.0,147589,9622803,2026-10-07,29.67,,6.34042,25.10669,,3.37,2.15,211.409,14290000.0,247.786,12100000.0,211.409,84.67,23.93,9.46,,-0.406,,,0.02,n/a,,,,49.49,71.73,43.37,36.46,43.82,79.9,31.3,"Dec 7, 2026",n/a
ELWA,El Wadi for International and Investment Development SAE,Hotels and Motels,1.55,289380000.0,435586,675158,2026-10-07,,,0.90907,13.02664,,-3.92,-0.06,,21660000.0,-71.076,-11060000.0,,-51.06,-3.5,-1.91,0.002,-0.084,,,0.27,n/a,,,,28.1,1.79,1.98,1.69,1.11,2.22,1.02,"Dec 3, 2026",n/a
ELNA,El Nasr Manufacturing Agricultural Crops S.A.E,Food and Kindred Products,35.22,277020000.0,1482,52196,2026-10-07,,,12.01613,,,-0.68,-0.24,,,,-1880000.0,,,-7.7,,,0,,,-0.07,n/a,,,,-7.58,36.8,37.81,36.98,40.12,51.7,33.46,"Nov 15, 2026",n/a
MMAT,Marsa Marsa Alam For Tourism Development SAE,Hotels and Motels,5.69,240500000.0,264958,1507611,2026-10-07,186.89,,9.39238,,,0.49,0.03,,,,1220000.0,,,4.77,-6.75,0.202,0.181,,,0.09,n/a,,,,87.97,3.7,3.53,3.37,2.92,5.97,2.66,"Aug 26, 2026",n/a
DGTZ,Digitize for Investment And Technology,"Computer Programming, Data Processing, And Other Computer Related Services",2.16,237600000.0,249235,538348,2026-10-07,,,,,,,,,,,,,,,,,,,,,n/a,,,,-71.74,2.53,2.63,2.67,4.82,8.97,2.04,n/a,n/a
DCCC,Damietta Container & Cargo Handling Co.,Water Transportation,1.818,200000000.0,,,2025-02-20,,,,,,,,,,,,,,,,,,,,0.09,n/a,,,,,1.818,1.818,1.818,1.818,1.818,1.818,n/a,n/a
NEDA,Northern Upper Egypt For Development & Agricultural Production Co.,Agricultural Chemicals,2.61,165730000.0,13620,35548,2026-10-07,,,2.77714,-41.38675,,-2.77,-0.07,,-4000000.0,,-4590000.0,,114.75,,,,-0.005,,,0.44,n/a,,,,6.1,2.74,2.75,2.36,2.39,3.22,2.11,"Nov 17, 2026",n/a
EPPK,El Ahram Co. For Printing And Packaging SAE,Commercial Printing,9.78,81370000.0,,,2026-10-07,,,0.97813,4.51044,,-7.06,-0.69,,18040000.0,-28.337,-5740000.0,,-31.82,-6.7,-1.51,0.851,0.834,,,-0.27,n/a,,,,12.16,10.98,14.53,12.45,11.62,15.93,8.53,"Nov 15, 2026",n/a
GMCI,GMC Group For Industrial Commercial & Financial Investments,Multi-Sector Holdings,1.71,68250000.0,199014,340314,2026-10-07,,,29.23635,130.99665,,-15.9,-0.27,,543250.0,1.746,-11310000.0,,-2081.91,-139.82,-56.57,0.164,-1.063,,,-0.41,n/a,,,,0.59,1.86,1.95,1.73,1.85,2.26,1.41,"Nov 17, 2026",n/a
EOSB,El Orouba Securities Brokerage,"Security Brokers, Dealers, and Flotation Companies",1.57,46320000.0,50046,78572,2026-10-07,44.5,,6.40192,13.60675,,2.25,0.04,,3400000.0,27.869,1040000.0,,30.59,15.95,4.88,1.659,0.014,,,-0.0,n/a,,,,36.52,1.57,1.48,1.17,1.17,1.64,1.05,"Nov 16, 2026",n/a
CPME,Catalyst Partners,,38.38,41800000.0,308903,11855697,2026-10-07,,,,,,,,,,,,,,,,,,,,,n/a,,,,283.8,37.53,18,16.88,18.3,45.5,10,n/a,n/a
COPR,Copper for Commercial Investment & Real Estate Development,Real Estate,0.493,2510000.0,29549870,14568086,2026-10-07,0.2,,0.01018,0.06941,,507.0,2.45,,36210000.0,-15.827,12740000.0,,35.18,7.88,-5.95,,-0.125,,,0.03,n/a,,,,-44.1,0.479,0.363,0.302,0.333,1.2,0.274,"Nov 19, 2026",n/a
