symbol,date,price,trend,rsi,macdSignal,ma20,ma50,ma200,vsMa50Pct,vsMa200Pct,support,resistance,stopLoss,riskPct,high52,low52,fromHigh52Pct,atr,atrPct,volumeRatio
HELI,2026-10-06,7.37,متذبذب,39.8,هابط,7.81,7.92,6.01,-6.9,22.6,6.35,8.47,6.22,15.6,8.5,3.14,-13.3,0.32,4.4,0.45
ARCC,2026-10-06,70.01,متذبذب,50.3,صاعد,70.17,70.06,56.64,-0.1,23.6,57.98,72.05,56.82,18.8,80.85,36.85,-13.4,3.41,4.87,0.84
MFPC,2026-10-06,45.9,صاعد قوي,50.9,هابط,47.24,42.9,39.04,7.0,17.6,40.99,50.25,40.17,12.5,50.5,28.02,-9.1,2.12,4.62,0.33
EGAL,2026-10-06,343.41,متذبذب,43.6,هابط,357.39,343.55,293.34,-0.0,17.1,309.45,381.0,303.26,11.7,381,152.01,-9.9,11.79,3.43,0.81
MCQE,2026-10-06,196,متذبذب,43.8,هابط,208.66,216.76,186.87,-9.6,4.9,189.5,203.0,170.16,13.2,259.5,70.32,-24.5,12.92,6.59,2.58
HDBK,2026-10-06,107.45,صاعد قوي,49.1,هابط,111.49,101.06,72.17,6.3,48.9,84.6,120.72,82.91,22.8,120.95,31.35,-11.2,4.99,4.65,0.45
MBSC,2026-10-06,380.02,صاعد قوي,55.8,صاعد,357.6,350.42,283.33,8.4,34.1,292.55,419.8,286.7,24.6,460,148.14,-17.4,26.46,6.96,2.64
ETRS,2026-10-06,11.05,صاعد قوي,56.3,صاعد,10.75,10.88,8.9,1.5,24.1,10.85,11.44,10.32,6.6,11.5,6.13,-3.9,0.36,3.28,0.48
RACC,2026-10-06,9.4,متذبذب,46.4,صاعد,9.5,9.85,9.27,-4.5,1.4,9.12,9.5,8.7,7.4,11.64,7.21,-19.2,0.35,3.73,0.62
QNBE,2026-10-06,59.27,صاعد قوي,51.1,هابط,59.02,58.57,50.2,1.2,18.1,56.95,62.31,54.09,8.7,62.83,29.01,-5.7,2.59,4.37,1.14
COMI,2026-10-06,125.16,هابط,28.5,هابط,130.78,136.03,129.88,-8.0,-3.6,100.97,129.9,98.95,20.9,143.51,88.64,-12.8,2.29,1.83,0.92
ZMID,2026-10-06,7.57,متذبذب,35.5,هابط,8.45,8.22,6.46,-7.9,17.2,7.15,7.69,6.65,12.2,9.8,4.16,-22.8,0.46,6.1,0.36
ISMQ,2026-10-06,8.23,متذبذب,41.0,هابط,8.57,9.0,7.96,-8.6,3.4,7.81,9.07,7.6,7.7,9.9,5.97,-16.9,0.31,3.8,0.59
ENGC,2026-10-06,36.85,متذبذب,38.0,هابط,40.24,43.67,36.83,-15.6,0.1,35.46,37.2,32.0,13.2,51.2,27.71,-28.0,2.43,6.58,0.9
ADIB,2026-10-06,48.11,متذبذب,34.2,هابط,51.24,52.55,43.67,-8.5,10.2,46.02,49.6,44.94,6.6,55.4,20.59,-13.2,1.58,3.29,0.85
ABUK,2026-10-06,86.54,صاعد قوي,47.8,هابط,90.07,83.15,74.66,4.1,15.9,84.62,90.38,79.67,7.9,94.5,45.37,-8.4,3.43,3.97,0.39
EFID,2026-10-06,19,هابط,41.1,هابط,19.92,20.37,19.1,-6.7,-0.5,18.29,19.3,17.51,7.8,23.28,11.93,-18.4,0.74,3.91,0.91
MASR,2026-10-06,7.61,متذبذب,47.8,صاعد,7.7,7.81,6.34,-2.5,20.0,7.46,8.39,7.08,7.0,8.75,3.94,-13.0,0.27,3.49,0.6
OCDI,2026-10-06,27.2,متذبذب,39.7,هابط,28.88,30.73,23.13,-11.5,17.6,22.91,28.5,22.45,17.5,35.95,15.05,-24.3,1.25,4.58,0.49
EAST,2026-10-06,29,هابط قوي,22.3,هابط,31.45,34.27,37.51,-15.4,-22.7,27.43,30.24,26.72,7.9,49.49,28.51,-41.4,1.14,3.93,1.14
MICH,2026-10-06,47.5,متذبذب,51.0,هابط,47.55,47.84,37.04,-0.7,28.2,38.95,49.5,38.17,19.6,52.16,27.09,-8.9,2.38,5.0,0.37
EXPA,2026-10-06,16.24,هابط,20.0,هابط,21.11,20.88,18.1,-22.2,-10.2,15.85,16.88,14.12,13.1,22.02,14.4,-26.2,1.06,6.55,1.6
MCRO,2026-10-06,1.5,متذبذب,42.4,هابط,1.62,1.57,1.34,-4.5,11.8,1.48,1.62,1.32,12.0,3.88,0.84,-61.3,0.09,5.86,0.52
MPCI,2026-10-06,345,متذبذب,39.4,هابط,381.67,378.43,230.38,-8.8,49.8,,,290.88,15.7,446,130.14,-22.6,27.06,7.84,0.77
SCEM,2026-10-06,85.85,متذبذب,46.7,هابط,88.56,91.39,69.4,-6.1,23.7,71.97,86.61,70.53,17.8,111,48.6,-22.7,4.61,5.37,0.56
ORWE,2026-10-06,27,صاعد قوي,49.6,هابط,27.34,26.43,23.74,2.2,13.7,26.71,28.77,25.15,6.9,29.03,21.31,-7.0,0.92,3.43,0.67
MHOT,2026-10-06,17.45,متذبذب,45.9,هابط,17.83,17.93,14.77,-2.7,18.2,16.53,17.81,15.12,13.4,20.71,11.38,-15.7,1.17,6.68,0.78
ALCN,2026-10-06,34.5,صاعد قوي,58.4,صاعد,33.03,31.85,28.72,8.3,20.1,34.25,,31.16,9.7,35.07,20.6,-1.6,1.67,4.84,1.18
GGCC,2026-10-06,0.73,متذبذب,39.1,هابط,0.79,0.89,0.54,-17.9,34.9,,0.84,0.64,12.3,1.2,0.32,-39.2,0.04,5.93,0.5
ORAS,2026-10-06,842.99,صاعد قوي,55.9,هابط,833.77,796.31,619.03,5.9,36.2,799.8,877.0,783.8,7.0,879,396.1,-4.1,29.18,3.46,0.68
BONY,2026-10-06,4.11,متذبذب,40.5,هابط,4.27,4.46,4.04,-7.9,1.8,3.93,4.59,3.8,7.5,5.27,3.21,-22.1,0.16,3.81,0.54
ETEL,2026-10-06,149.88,صاعد قوي,76.3,صاعد,135.33,122.24,95.57,22.6,56.8,113.05,,110.79,26.1,151,46.94,-0.7,6.51,4.34,1.28
RAYA,2026-10-06,6.5,متذبذب,40.2,هابط,6.83,7.11,6.04,-8.6,7.7,5.83,6.97,5.71,12.2,8.29,2.67,-21.6,0.36,5.47,0.52
FWRY,2026-10-06,18.72,متذبذب,47.0,صاعد,18.83,18.99,18.45,-1.4,1.5,16.15,19.19,15.83,15.4,21.25,13.75,-11.9,0.55,2.92,1.27
POUL,2026-10-06,10.02,هابط,9.6,هابط,27.17,34.0,32.66,-70.5,-69.3,9.34,10.24,4.65,53.6,40.28,9.53,-75.1,2.69,26.81,2.66
ORHD,2026-10-06,12.03,هابط,9.3,هابط,39.44,40.85,32.53,-70.6,-63.0,11.36,12.45,5.59,53.5,43.77,12.03,-72.5,3.22,26.77,1.35
OBRI,2026-10-06,28.45,هابط قوي,45.9,صاعد,29.11,31.41,35.25,-9.4,-19.3,,31.6,24.67,13.3,42.4,15.21,-32.9,1.89,6.64,1.05
ACAMD,2026-10-06,2.05,متذبذب,48.8,صاعد,2.04,2.14,2.04,-4.1,0.6,2.01,2.24,1.9,7.3,2.46,0.88,-16.7,0.08,3.76,0.68
SAUD,2026-10-06,23.08,متذبذب,48.3,هابط,23.42,23.25,20.45,-0.7,12.9,22.87,24.45,20.82,9.8,25.6,12.2,-9.8,1.13,4.89,0.49
GIHD,2026-10-06,63.8,متذبذب,41.0,هابط,70.69,67.2,47.88,-5.1,33.2,62.0,77.25,55.53,13.0,78,33.77,-18.2,4.13,6.48,0.48
DTPP,2026-10-06,318,صاعد قوي,54.4,هابط,317.84,298.42,169.42,6.6,87.7,316.1,361.76,270.53,14.9,361.76,91.79,-12.1,23.74,7.46,0.93
SMFR,2026-10-06,237.22,متذبذب,52.3,صاعد,231.86,245.6,206.81,-3.4,14.7,216.1,240.03,210.33,11.3,272.79,170.29,-13.0,13.45,5.67,0.25
CIRA,2026-10-06,39.49,صاعد قوي,55.6,هابط,39.3,37.61,25.36,5.0,55.7,38.98,41.0,36.25,8.2,41,14.24,-3.7,1.62,4.1,0.46
TMGH,2026-10-06,88.39,هابط,31.1,هابط,92.64,95.86,89.84,-7.8,-1.6,76.67,92.66,75.14,15.0,101.87,55.11,-13.2,2.43,2.75,0.88
AMOC,2026-10-06,14.31,صاعد قوي,65.1,هابط,13.6,11.95,8.84,19.8,61.9,12.16,14.39,11.92,16.7,14.39,6.68,-0.6,0.62,4.32,0.92
EFIH,2026-10-06,24.79,صاعد قوي,61.4,صاعد,23.35,23.6,21.37,5.0,16.0,22.96,24.99,22.5,9.2,24.99,12.4,-0.8,0.94,3.8,1.17
JUFO,2026-10-06,25.2,متذبذب,40.3,هابط,26.28,26.37,23.27,-4.4,8.3,24.75,25.44,23.56,6.5,27.63,17.82,-8.8,0.82,3.26,0.47
HRHO,2026-10-06,26.79,صاعد,66.5,صاعد,25.0,25.88,26.7,3.5,0.3,24.66,29.7,24.17,9.8,30.86,23.53,-13.2,0.78,2.92,2.78
OLFI,2026-10-06,21.08,هابط,31.8,هابط,22.22,23.17,22.8,-9.0,-7.6,20.91,22.49,19.87,5.7,26.5,20.01,-20.5,0.61,2.87,1.01
PRDC,2026-10-06,7.11,متذبذب,39.5,صاعد,7.62,8.55,6.08,-16.8,17.0,5.9,8.78,5.78,18.7,10.15,3.23,-30.0,0.44,6.2,1.08
EGCH,2026-10-06,13.27,متذبذب,39.3,هابط,13.79,13.9,12.76,-4.5,4.0,12.24,13.48,12.0,9.6,15.2,9.96,-12.7,0.41,3.09,0.48
EHDR,2026-10-06,2.53,متذبذب,39.0,هابط,2.66,2.82,2.46,-10.1,3.0,2.42,2.83,2.32,8.3,3.15,1.75,-19.7,0.1,4.07,0.34
CCAP,2026-10-06,6.55,صاعد قوي,50.0,هابط,6.79,6.05,4.68,8.3,40.0,5.54,7.24,5.43,17.1,7.24,2.46,-9.5,0.26,3.99,0.75
ELSH,2026-10-06,11.8,متذبذب,39.1,هابط,12.42,13.22,10.04,-10.8,17.6,9.31,14.04,9.12,22.7,15.15,6.66,-22.1,0.59,4.96,0.44
SWDY,2026-10-06,118,متذبذب,48.0,هابط,121.27,118.29,91.39,-0.2,29.1,89.56,136.98,87.77,25.6,136.98,65.52,-13.9,6.04,5.12,1.15
RREI,2026-10-06,3.92,متذبذب,41.6,هابط,4.13,4.37,3.42,-10.4,14.7,3.72,4.01,3.47,11.5,4.98,2.14,-21.3,0.22,5.7,0.31
ACAP,2026-10-06,8.34,هابط,46.6,هابط,8.53,8.81,8.35,-5.3,-0.1,7.67,8.79,7.49,10.2,10.05,4.17,-17.0,0.43,5.1,0.78
PHDC,2026-10-06,12.9,متذبذب,35.3,صاعد,13.47,14.4,11.85,-10.4,8.9,9.74,14.48,9.55,26.0,16.19,7.29,-20.3,0.48,3.74,0.66
GTWL,2026-10-06,164.01,متذبذب,37.4,هابط,210.18,184.85,85.92,-11.3,90.9,,,122.09,25.6,244,35.43,-32.8,20.96,12.78,1.28
ACGC,2026-10-06,14.39,صاعد قوي,55.0,هابط,14.37,13.18,9.29,9.2,54.8,13.65,15.45,13.24,8.0,15.45,6.99,-6.9,0.57,3.99,0.41
ASCM,2026-10-06,57.38,متذبذب,39.8,صاعد,59.53,62.41,51.05,-8.1,12.4,57.03,67.56,52.82,7.9,67.99,38.51,-15.6,2.28,3.97,0.26
MTIE,2026-10-06,8.05,متذبذب,42.6,هابط,8.23,8.55,7.26,-5.8,10.9,7.74,8.16,7.54,6.3,9.97,5.38,-19.3,0.26,3.19,0.54
BINV,2026-10-06,58,صاعد قوي,56.9,هابط,56.95,52.31,44.29,10.9,30.9,49.88,62.25,48.15,17.0,62.25,28.07,-6.8,4.93,8.49,1.26
LCSW,2026-10-06,35.2,صاعد قوي,61.3,صاعد,33.03,34.02,28.45,3.5,23.7,32.58,36.0,31.77,9.7,36.82,23.44,-4.4,1.71,4.87,1.01
ASPI,2026-10-06,0.36,متذبذب,37.9,هابط,0.4,0.45,0.34,-19.7,5.5,0.35,0.38,0.31,13.9,0.56,0.27,-35.4,0.03,7.18,0.54
TAQA,2026-10-06,17.14,صاعد قوي,58.2,صاعد,16.25,15.84,14.12,8.2,21.4,16.63,17.35,15.57,9.2,17.8,11.86,-3.7,0.78,4.58,1.25
GOUR,2026-10-06,15.54,,46.5,هابط,16.23,15.94,,-2.5,,13.52,17.9,13.25,14.7,17.9,9.2,-13.2,1.03,6.62,0.6
NIPH,2026-10-06,316.07,متذبذب,47.3,هابط,321.24,332.11,178.22,-4.8,77.3,,332.0,273.11,13.6,460.01,79.75,-31.3,21.48,6.8,0.6
NINH,2026-10-06,19.16,متذبذب,37.3,هابط,20.45,22.02,15.05,-13.0,27.4,17.98,21.46,17.03,11.1,25.53,6.99,-25.0,1.07,5.57,0.36
PHAR,2026-10-06,113.5,متذبذب,44.4,صاعد,116.01,124.95,93.11,-9.2,21.9,85.92,,84.2,25.8,160.18,63.97,-29.1,5.36,4.72,0.39
AMER,2026-10-06,5.02,متذبذب,49.5,هابط,5.0,5.51,3.12,-8.9,61.0,,,4.38,12.7,7.15,1.17,-29.8,0.32,6.37,0.83
ELKA,2026-10-06,1.6,متذبذب,44.1,صاعد,1.65,1.73,1.38,-7.4,15.6,1.37,1.69,1.34,16.2,2.16,1.03,-25.9,0.07,4.37,0.24
GBCO,2026-10-06,31.78,صاعد قوي,58.1,صاعد,30.61,30.41,28.66,4.5,10.9,29.55,31.96,28.86,9.2,33.28,21.5,-4.5,1.46,4.6,2.4
MOIN,2026-10-06,35.07,صاعد قوي,49.1,هابط,35.96,34.75,26.28,0.9,33.4,32.51,38.8,30.72,12.4,42.48,19.1,-17.4,2.18,6.21,0.4
CNFN,2026-10-06,4.18,هابط,37.4,هابط,4.4,4.68,4.6,-10.7,-9.0,4.15,4.5,3.79,9.3,5.4,3.9,-22.6,0.2,4.7,0.53
TALM,2026-10-06,21.83,صاعد قوي,61.5,صاعد,20.66,19.43,16.47,12.3,32.5,17.0,22.9,16.66,23.7,22.9,11,-4.7,1.59,7.3,0.87
EMFD,2026-10-06,12.94,صاعد قوي,46.6,هابط,13.57,12.83,10.85,0.8,19.3,12.1,14.9,11.56,10.7,14.9,8.1,-13.2,0.69,5.32,0.88
UEGC,2026-10-06,1.57,هابط,39.7,صاعد,1.64,2.0,1.59,-21.6,-1.1,1.48,1.61,1.38,12.1,2.82,0.98,-44.3,0.09,6.01,0.88
SEIG,2026-10-06,242.56,متذبذب,52.1,صاعد,235.63,252.74,194.17,-4.0,24.9,201.33,259.07,197.3,18.7,278.11,136.91,-12.8,18.07,7.45,0.59
GPIM,2026-10-06,1.88,صاعد قوي,70.9,صاعد,1.67,1.48,1.0,26.9,88.7,1.65,,1.62,13.8,1.95,0.22,-3.6,0.1,5.59,1.71
CLHO,2026-10-06,15.5,متذبذب,40.3,صاعد,15.81,16.82,14.57,-7.9,6.4,13.07,16.34,12.81,17.4,18.32,10.54,-15.4,0.56,3.59,0.59
NAPR,2026-10-06,50,صاعد قوي,68.5,صاعد,43.75,35.46,25.83,41.0,93.6,,52.17,36.83,26.3,52.17,19.02,-4.2,6.59,13.17,1.3
EFIC,2026-10-06,165.31,هابط قوي,34.7,هابط,182.95,197.05,207.24,-16.1,-20.2,163.46,176.12,146.21,11.6,234.9,159.45,-29.6,9.55,5.78,0.29
SKPC,2026-10-06,16.05,هابط,35.2,هابط,17.31,17.2,16.67,-6.7,-3.7,14.33,16.89,14.04,12.5,19.25,14.22,-16.6,0.65,4.03,0.94
RMDA,2026-10-06,5.4,متذبذب,37.0,هابط,5.82,5.99,4.7,-9.8,14.9,4.96,5.91,4.77,11.7,6.94,3.07,-22.2,0.32,5.85,0.43
NHPS,2026-10-06,74.3,متذبذب,44.3,صاعد,75.67,83.22,73.61,-10.7,0.9,73.83,82.15,64.71,12.9,102.54,56.34,-27.5,4.8,6.46,0.45
BTFH,2026-10-06,2.76,هابط قوي,39.1,هابط,2.86,2.98,3.07,-7.5,-10.1,2.71,2.81,2.57,6.9,3.6,2.66,-23.3,0.1,3.52,0.74
AMES,2026-10-06,47.44,هابط,31.6,صاعد,50.75,92.43,65.8,-48.7,-27.9,44.82,48.14,40.53,14.6,154.03,38.8,-69.2,3.45,7.28,1.1
KRDI,2026-10-06,0.42,هابط قوي,46.7,هابط,0.44,0.44,0.49,-2.8,-13.0,0.36,0.43,0.35,16.7,0.72,0.34,-41.5,0.02,4.63,0.32
INFI,2026-10-06,134,متذبذب,52.9,صاعد,129.82,138.91,104.65,-3.5,28.0,110.0,147.78,107.8,19.6,178.5,70.84,-24.9,8.58,6.4,0.36
UNIP,2026-10-06,0.37,متذبذب,51.4,صاعد,0.36,0.38,0.32,-2.7,16.2,0.3,0.38,0.29,21.6,0.42,0.23,-12.8,0.02,4.85,0.4
SIPC,2026-10-06,5.73,صاعد قوي,57.9,هابط,5.49,5.15,3.86,11.3,48.4,5.11,6.3,4.93,14.0,6.3,2.66,-9.0,0.4,7.02,0.84
NCCW,2026-10-06,7.05,صاعد قوي,49.9,هابط,7.5,6.61,5.1,6.7,38.2,5.8,7.27,5.68,19.4,8.55,3.66,-17.5,0.55,7.76,0.59
BIOC,2026-10-06,336.3,متذبذب,56.3,صاعد,288.41,352.99,139.7,-4.7,140.7,,,279.89,16.8,550,58.03,-38.9,28.21,8.39,1.42
CERA,2026-10-06,1.41,صاعد قوي,51.4,صاعد,1.41,1.38,1.23,2.3,14.5,1.35,1.42,1.22,13.5,1.8,1.02,-21.7,0.09,6.69,2.37
SNFC,2026-10-06,11.52,صاعد قوي,60.2,صاعد,11.29,11.03,10.88,4.4,5.9,11.11,12.34,10.89,5.5,12.71,9.03,-9.4,0.29,2.48,0.6
ARAB,2026-10-06,0.28,صاعد قوي,68.0,صاعد,0.24,0.25,0.22,12.4,24.6,0.24,0.32,0.24,14.3,0.28,0.17,0.0,0.01,4.76,1.24
KWIN,2026-10-06,78.03,متذبذب,37.8,هابط,85.09,92.36,74.38,-15.5,4.9,69.27,82.44,66.98,14.2,120.7,53.99,-35.4,5.53,7.08,0.18
EEII,2026-10-06,2.16,متذبذب,44.3,هابط,2.21,2.33,1.97,-7.1,9.9,2.07,2.31,1.91,11.6,2.69,1.39,-19.8,0.13,5.79,0.56
OFH,2026-10-06,0.88,متذبذب,40.9,هابط,1.0,0.95,0.68,-7.0,29.8,0.7,1.1,0.69,21.6,1.1,0.49,-20.0,0.07,8.17,0.64
AMII,2026-10-06,11.86,متذبذب,38.2,هابط,13.4,14.12,10.05,-16.0,18.0,10.66,12.8,9.73,18.0,16,6.19,-25.9,1.06,8.98,0.48
AFMC,2026-10-06,155.8,متذبذب,45.4,صاعد,156.78,187.86,96.59,-17.1,61.3,,157.18,133.47,14.3,255,52.65,-38.9,11.17,7.17,0.43
ICID,2026-10-06,18.11,صاعد قوي,57.2,هابط,18.06,15.32,7.54,18.2,140.2,17.0,18.92,16.06,11.3,18.92,3.55,-4.3,1.03,5.67,0.56
CAED,2026-10-06,121.24,متذبذب,46.7,صاعد,122.83,131.34,83.68,-7.7,44.9,119.03,133.5,103.16,14.9,168.01,51.68,-27.8,9.04,7.46,0.28
EALR,2026-10-06,343.3,هابط,40.8,هابط,358.35,377.86,356.67,-9.1,-3.7,335.64,351.95,302.27,12.0,456.01,246.8,-24.7,20.51,5.98,0.17
KABO,2026-10-06,8.71,متذبذب,45.3,هابط,9.16,8.94,7.02,-2.6,24.1,7.09,8.8,6.95,20.2,10,5.08,-12.9,0.5,5.71,0.8
CRST,2026-10-06,3.14,صاعد قوي,48.8,هابط,3.41,2.99,1.39,4.9,125.8,2.88,3.45,2.4,23.6,3.97,0.36,-20.9,0.37,11.74,1.22
IDRE,2026-10-06,51.3,متذبذب,49.2,هابط,52.09,52.81,42.42,-2.9,20.9,50.93,57.12,43.6,15.0,58.45,31.65,-12.2,3.85,7.51,0.42
