symbol,name,industry,score,scoreValue,scoreQuality,scoreGrowth,scoreSafety,scoreBonus,dataCoverage,price,peRatio,pbRatio,roe,netMargin,revenueGrowth,netIncomeGrowth,debtEquity,dividendYield,dollarVolume,analystRating,priceTarget,upsidePct,lastTradeDate
ARCC,Arabian Cement Company S.A.E.,"Cement, Hydraulic",82.1,64.7,90.4,80.0,58.0,6.9,4/4,63.31,5.47,4.95,102.88,33.38,26.68,96.775,0.268,4.64,43846923,Buy,78.0,23.2,2026-09-27
MFPC,Misr Fertilizer Production Company,Agricultural Chemicals,80.1,61.1,78.7,80.8,85.1,5.2,4/4,47,8.39,2.86697,35.21,45.61,46.245,43.334,0.003,5.64,43445343,Buy,46.77,-0.49,2026-09-27
MBSC,Misr Beni Suef Cement Co. S.A.E,"Cement, Hydraulic",79.9,64.9,94.6,71.4,61.0,5.1,4/4,323.39,4.8,3.5832,121.81,57.48,12.664,171.3,0.029,1.86,29797478,Hold,396.35,22.56,2026-09-27
HELI,Heliopolis Co. for Housing & Development,"Land Subdividers and Developers, Except Cemeteries",79.4,52.2,82.9,91.0,51.5,8.4,4/4,7.65,8.95,3.16681,38.64,73.71,342.311,90.025,0.844,5.85,73997494,Strong Buy,10.78,40.92,2026-09-27
MCQE,Misr Cement (Qena) Company (S.A.E),"Cement, Hydraulic",78.8,66.4,86.4,91.8,49.2,2.6,4/4,196,7.24,4.18734,87.84,24.51,42.917,222.126,0.065,0.51,18005932,Hold,213.45,8.9,2026-09-27
EGAL,Egypt Aluminum,Primary Production of Aluminum,77.1,57.6,85.2,70.4,89.4,3.3,4/4,350,9.32,4.2598,55.06,29.15,23.051,52.09,0.006,2.29,15840650,Hold,345.5,-1.29,2026-09-27
HDBK,Housing and Development Bank- Egypt (S.A.E),Commercial Banks,76.1,65.9,80.6,66.0,87.1,2.6,4/4,107.79,5.76,2.4433,49.51,60.67,26.685,24.265,0.026,2.32,14334669,Buy,77.59,-28.02,2026-09-27
ETRS,Egyptian Transport & Commercial Services Co. -EGYTRANS NOSCO,Water Transportation,75.7,68.4,53.6,91.0,72.8,5.4,4/4,10.35,11.91,2.11361,22.45,12.55,50.257,198.667,0.139,2.42,6225587,n/a,,,2026-09-27
QNBE,Qatar National Bank,Commercial Banks,75.0,84.2,62.0,55.7,74.8,6.0,4/4,57.11,4.26,0.97272,29.55,49.19,19.689,20.814,0.037,3.5,16814383,Strong Buy,67.43,18.07,2026-09-27
AXPH,Alexandria Co. For Pharmaceuticals & Chemical Industries,Pharmaceutical Preparations,73.0,43.7,78.1,69.6,78.2,7.3,4/4,1600.79,16.04,7.37275,49.3,15.99,24.945,43.306,0.006,3.93,8072784,n/a,,,2026-09-27
COMI,Commercial International Bank Egypt (CIB) S.A.E.,Commercial Banks,72.5,64.9,73.9,66.8,42.4,7.8,4/4,128.74,6.62,1.83871,42.45,47.75,24.412,44.613,0.167,4.66,143712719,Buy,180.11,39.9,2026-09-27
ISMQ,Iron & Steel for Mines & Quarries,Metal Mining,71.3,28.1,91.5,53.9,92.4,8.1,4/4,8.2,16.11,11.40305,72.38,47.17,18.286,11.385,,5.12,13594017,n/a,,,2026-09-27
ZMID,Zahraa El Maadi Investment and Development Company SAE,Real Estate,70.7,49.1,85.0,74.8,37.0,6.2,4/4,7.94,11.52,3.01198,35.2,62.65,40.342,33.228,,3.15,182784429,n/a,,,2026-09-27
EXPA,Export Development Bank of Egypt (S.A.E.),Commercial Banks,70.5,63.3,61.2,76.3,65.5,4.2,4/4,21.94,4.1,1.08072,29.85,45.61,41.02,33.079,0.07,,37273032,Buy,24.6,12.12,2026-09-27
ENGC,Industrial Engineering Company for Construction and Development (ICON) (S.A.E.),Fabricated Structural Metal Products,70.4,85.2,63.5,52.8,41.7,6.3,4/4,39.73,7.15,1.52789,34.39,10.55,17.35,8.59,0.541,3.15,9209215,n/a,,,2026-09-27
CIEB,Credit Agricole - Egypt Bank (S.A.E.),Commercial Banks,70.3,79.9,66.2,31.0,66.8,8.8,4/4,24.01,4.82,1.34451,32.98,47.63,-0.134,-5.132,0.098,13.33,10152965,Strong Buy,32.91,37.07,2026-09-27
ODIN,ODIN Investments (S.A.E),"Security and Commodity Brokers, Dealers, Exchanges, and Services",69.5,44.2,87.1,43.2,89.1,5.9,4/4,2.48,12.71,3.97097,38.0,60.13,28.233,-20.59,0.001,3.02,8253036,n/a,,,2026-09-27
MASR,Madinet Masr For Housing and Development,"Land Subdividers and Developers, Except Cemeteries",69.4,85.4,61.1,56.2,27.0,7.3,4/4,7.15,5.27,1.17732,29.34,24.05,37.391,3.793,0.547,2.1,48761241,Strong Buy,11.4,59.44,2026-09-27
ABUK,Abu Qir Fertilizers & Chemical Industries Company (S.A.E),Agricultural Chemicals,69.1,44.7,80.5,55.0,78.8,5.9,4/4,87.63,13.39,4.75772,39.34,32.02,20.667,8.725,0.003,6.85,46432070,Buy,88.97,1.53,2026-09-27
EFID,Edita Food Industries Company (S.A.E),Bakery Products,68.9,53.4,76.1,78.2,28.5,6.2,4/4,29.2,12.92,6.43933,62.13,13.17,37.426,88.978,0.989,2.96,49735718,Buy,37.6,28.77,2026-09-27
MICH,Misr Chemical Industries Co.,Chemicals and Allied Products,68.9,53.7,81.3,30.5,74.2,9.6,4/4,45.11,10.28,3.40144,37.47,43.75,12.978,-23.061,0.179,8.87,11953564,n/a,,,2026-09-27
OCDI,"Sixth of October for Development and Investment Company ""SODIC"" (S.A.E.)",Real Estate,68.6,73.5,49.3,81.9,44.0,4.7,4/4,27.72,8.9,2.13521,27.32,17.9,111.961,25.514,0.719,1.98,20500936,n/a,,,2026-09-27
EAST,Eastern Company S.A.E,Tobacco Products,68.3,54.2,80.3,48.5,39.5,9.9,4/4,30.52,9.87,6.91099,80.62,22.37,33.934,-11.063,1.738,9.34,9379956,Strong Buy,52.2,71.04,2026-09-27
SCEM,Sinai Cement Co. (S.A.E),"Cement, Hydraulic",68.3,69.2,87.2,45.6,66.5,0,4/4,81.08,6.4,2.96976,58.37,34.96,26.502,8.196,0.025,,91230973,n/a,,,2026-09-27
MCRO,Macro Group Pharmaceuticals (Macro Capital) S.A.E,"Perfumes, Cosmetics, and Other Toilet Preparations",68.3,30.3,60.2,84.4,72.6,9.2,4/4,1.49,10.09,6.39218,28.24,12.89,52.355,102.978,0.054,7.16,37886366,n/a,,,2026-09-27
ADIB,Abu Dhabi Islamic Bank - Egypt - S.A.E,Commercial Banks,67.8,72.7,68.7,62.9,34.6,4.4,4/4,51.9,5.44,1.78503,38.8,54.0,37.498,30.389,0.245,,60175714,Strong Buy,59.72,15.07,2026-09-27
ORWE,Oriental Weavers Carpets Company (S.A.E),"Home Furniture, Furnishings, and Equipment Stores",67.7,87.5,39.2,50.2,66.2,7.3,4/4,27.09,9.01,0.8276,15.06,7.15,7.224,53.56,0.387,4.61,43847630,Buy,36.35,34.18,2026-09-27
ALCN,Alexandria Container&Cargo Handling Company,Water Transportation,67.2,26.9,97.5,44.9,93.8,4.5,4/4,32.05,13.35,11.78469,,93.34,-8.43,8.956,0.004,5.66,15955964,Hold,28.55,-10.92,2026-09-27
ETEL,Telecom Egypt Company,"Telephone Communications, Except Radiotelephone",66.5,68.3,71.6,75.2,18.8,2.9,4/4,133,9.08,3.08202,43.37,21.89,22.366,94.755,0.989,1.13,113457778,Buy,134.94,1.46,2026-09-27
MHOT,Misr Hotels Company,Hotels and Motels,66.3,41.4,88.2,54.8,42.1,7.4,4/4,18.85,13.69,4.00265,43.24,54.5,7.854,4.409,0.249,3.98,125514101,n/a,,,2026-09-27
MPCI,Memphis Pharmaceuticals & Chemical Industries,Pharmaceutical Preparations,66.2,33.6,86.6,53.4,66.2,6.9,4/4,364.77,15.99,11.69279,95.06,30.89,36.209,37.787,0.118,3.62,130434821,n/a,,,2026-09-27
POUL,Cairo Poultry Company S.A.E.,Poultry Slaughtering and Processing,66.0,79.2,64.8,27.3,62.7,6.6,4/4,9.53,2.08,2.08166,34.88,13.73,0.556,-15.453,0.037,3.46,146458584,n/a,,,2026-09-27
ORAS,Orascom Construction PLC,Building Construction General Contractors and Operative Builders,65.5,86.4,39.2,86.0,41.7,0,4/4,809,8.34,1.76103,27.48,3.74,62.637,68.071,0.521,,39156409,n/a,,,2026-09-27
RAYA,Raya Holding Company for Financial Investments (S.A.E),"Computer Programming, Data Processing, And Other Computer Related Services",65.5,81.3,54.3,79.1,21.1,1.9,4/4,6.4,10.52,3.00699,42.24,3.89,40.297,50.604,2.826,0.63,105766669,n/a,,,2026-09-27
MPRC,Egyptian Media Production City,Motion Picture and Video Tape Production,65.4,59.3,69.9,61.7,48.6,3.9,4/4,38.3,8.51,1.8351,22.68,61.88,13.198,39.565,0.013,1.31,13884478,n/a,,,2026-09-27
BONY,Bonyan for Development and Trade,Real Estate Operators (except Developers) And Lessors,65.4,71.9,52.1,32.6,72.2,9.2,4/4,4,3.7,0.57274,16.72,208.6,11.885,-6.545,0.087,,32532996,Strong Buy,6.27,56.75,2026-09-27
ACAMD,"Arab Co.,for asset management and development","Land Subdividers and Developers, Except Cemeteries",65.0,25.1,91.8,,50.2,8.2,3/4,1.87,19.85,32.84794,191.88,36.59,,,0.019,5.35,74807312,n/a,,,2026-09-27
FWRY,Fawry for Banking Technology and Electronic Payments S.A.E.,Computer Processing and Data Preparation and Processing Services,64.9,32.5,77.0,79.6,23.9,8.6,4/4,18.72,22.14,6.80768,44.77,28.49,44.884,45.517,0.485,,36485299,Strong Buy,26.68,42.52,2026-09-27
OBRI,El-Ebour Co. for Real Estate Investment S.A.E.,"Land Subdividers and Developers, Except Cemeteries",64.8,67.7,33.4,91.8,76.7,0,4/4,26.61,13.88,3.14069,25.55,4.01,105.951,152.863,0.134,,7768896,n/a,,,2026-09-27
SAUD,alBaraka Bank Egypt S.A.E.,Commercial Banks,64.4,84.2,54.0,48.5,47.6,3.7,4/4,22.34,4.83,1.00433,26.19,39.25,16.225,7.156,0.412,3.81,16669840,Buy,19.7,-11.82,2026-09-27
FERC,Ferchem Misr for fertilizers and chemicals S.A.E,Agricultural Chemicals,63.9,42.2,73.7,67.4,18.5,9.5,4/4,74.01,16.73,7.28392,42.09,16.79,409.573,201.081,1.256,8.16,5918950,n/a,,,2026-09-27
DTPP,Delta Co. For Printing & Packaging S.A.E,Commercial Printing,63.7,44.9,72.7,64.6,44.8,5.5,4/4,313.3,18.04,7.37003,54.22,10.8,12.618,74.32,1.352,2.87,39892489,n/a,,,2026-09-27
ROTO,Rowad Tourism Company,Hotels and Motels,63.1,52.4,32.2,87.2,80.7,3.8,4/4,39.81,19.84,2.58496,16.58,15.83,47.264,,0.14,1.26,25302679,n/a,,,2026-09-27
GIHD,Gharbia Islamic Housing Development Company,"Land Subdividers and Developers, Except Cemeteries",62.5,21.3,72.8,95.7,68.9,0,4/4,71.46,33.23,7.10166,23.93,84.67,247.786,211.409,,,25794487,n/a,,,2026-09-27
ORHD,Orascom Development Egypt S.A.E.,Hotels and Motels,62.2,74.6,61.8,42.5,33.2,5.7,4/4,39.5,8.34,2.18937,30.56,18.95,22.154,-4.391,0.583,0.97,119361376,Strong Buy,56.25,42.41,2026-09-27
CIRA,Cairo For Investment And Real Estate Developments-CIRA Education,Real Estate,62.1,34.2,69.4,95.6,28.4,2.8,4/4,39.07,23.97,7.49527,36.48,15.89,64.145,291.653,1.313,0.88,18903980,n/a,,,2026-09-27
AMOC,Alexandria Mineral Oils Company,Petroleum Refining,62.0,70.3,43.0,42.0,84.0,4.9,4/4,12.9,11.31,3.95212,33.29,3.68,12.273,-1.2,0.007,6.2,57615347,Buy,11.68,-9.46,2026-09-27
TMGH,Talaat Moustafa Group Holding,"Investors, not elsewhere classified",61.7,69.4,40.9,66.6,46.7,4.9,4/4,90.4,12.05,1.11331,13.31,22.62,36.488,17.934,0.441,0.28,315505944,Strong Buy,141.9,56.97,2026-09-27
EHDR,Egyptians for Housing & Development Co.,Real Estate,61.7,42.0,51.7,50.4,92.0,7.2,4/4,2.55,25.52,2.41825,10.97,27.79,14.463,13.628,0.001,3.92,24991517,n/a,,,2026-09-27
TYCN,Tycoon Holding Company For Financial Investments,"Security and Commodity Brokers, Dealers, Exchanges, and Services",61.0,6.2,94.9,98.2,40.9,0,4/4,11.83,105.5,43.66132,52.2,70.43,192.091,308.048,0.063,,5510331,n/a,,,2026-09-27
HRHO,EFG Holding Company S.A.E,"Security and Commodity Brokers, Dealers, Exchanges, and Services",60.7,85.4,36.1,55.2,28.5,6.2,4/4,23.65,8.72,0.73466,14.37,13.75,25.579,5.58,1.266,1.18,66167142,Strong Buy,36.69,55.14,2026-09-27
EFIH,e-finance for Digital and Financial Investments S.A.E.,Computer Processing and Data Preparation and Processing Services,59.9,21.9,77.4,70.5,51.8,4.7,4/4,22.92,33.48,7.82352,36.22,30.7,25.378,47.454,0.021,1.26,27342574,Buy,28.1,22.6,2026-09-27
JUFO,Juhayna Food Industries S.A.E.,Dairy Products,59.9,56.9,60.0,59.0,42.0,3.7,4/4,25.52,16.81,4.29402,31.01,6.66,24.076,23.255,0.971,0.75,16000530,Buy,29.45,15.4,2026-09-27
PRDC,Pioneers Properties For Urban Development - PRE Group,Real Estate,59.5,82.9,20.9,92.9,34.2,0,4/4,7,11.87,0.51436,6.15,9.01,39.913,470.355,0.873,,15181019,n/a,,,2026-09-27
CANA,Suez Canal Bank (S.A.E),Commercial Banks,58.4,69.0,59.2,52.0,39.4,1.1,4/4,46.46,7.58,2.00588,35.06,40.12,33.738,0.143,0.488,0.43,37142308,n/a,,,2026-09-27
EGCH,Egyptian Chemical Industries,Agricultural Chemicals,56.8,70.8,32.3,81.1,37.4,0,4/4,13.98,15.48,0.64602,6.15,15.94,30.553,81.807,0.315,,135392358,n/a,,,2026-09-27
SWDY,El Sewedy Electric Company,Drawing and Insulating of Nonferrous Wire,55.8,64.9,44.7,54.8,48.5,1.9,4/4,113.45,14.89,3.19252,28.52,5.08,26.627,4.725,1.111,0.88,51030718,Sell,104.0,-8.33,2026-09-27
ELSH,Al-Shams Company for Housing and Urban Development,Real Estate,55.4,44.5,61.2,52.5,62.0,1.2,4/4,11.68,16.01,2.26602,15.04,68.54,29.907,3.469,0.118,0.43,36042109,n/a,,,2026-09-27
CCAP,QALA For Financial Investments,"Investors, not elsewhere classified",54.8,71.5,42.0,53.0,50.0,0,4/4,6.8,121.95,0.32688,26.33,0.13,23.944,,0.943,,586115025,n/a,,,2026-09-27
MTIE,MM Group for Industry and International Trade S.A.E.,Wholesale Trade-Durable Goods,54.4,61.2,51.2,45.8,41.4,3.1,4/4,8.1,18.02,3.4763,27.37,4.47,19.22,3.587,0.055,,17554928,Buy,8.38,3.46,2026-09-27
PHDC,Palm Hills Developments S.A.E.,"Land Subdividers and Developers, Except Cemeteries",53.3,78.4,37.9,48.7,8.9,4.9,4/4,13.1,9.27,1.79319,22.17,10.07,26.125,1.088,1.71,0.76,159191292,Strong Buy,17.93,36.87,2026-09-27
ACGC,Arabia Cotton Ginning Company,Textile Mill Products,53.0,77.8,35.3,15.5,71.8,4.5,4/4,13.81,10.99,1.17332,14.41,11.75,-19.872,-24.417,0.35,1.68,8861117,n/a,,,2026-09-27
ASCM,"ASEC Company for Mining ASCOM, S.A.E",Metal Mining,52.0,90.3,44.1,43.6,5.4,0,4/4,58.61,5.41,1.11013,,11.84,19.779,,1.801,,8672580,n/a,,,2026-09-27
LCSW,Lecico Egypt (S.A.E.),Pottery And Related Products,51.6,90.1,30.4,28.7,54.9,0,4/4,31,8.59,1.0437,9.83,3.35,18.511,-37.129,1.277,,12078530,n/a,,,2026-09-27
ASPI,Aspire Capital Holding for Financial Investments,"Security Brokers, Dealers, and Flotation Companies",51.1,63.7,45.5,54.9,30.6,0,4/4,0.364,6.34,1.91551,17.18,22.1,23.784,29.51,2.442,,22173965,n/a,,,2026-09-27
PHAR,Egyptian International Pharmaceutical Industries Company,Pharmaceutical Preparations,50.6,61.6,50.6,45.0,16.9,3.1,4/4,107,13.99,2.96325,20.51,12.55,12.078,8.332,1.651,1.4,88638372,Hold,108.2,1.12,2026-09-27
TAQA,TAQA Arabia S.A.E.,"Petroleum and Petroleum Products Wholesalers, Except Bulk Stations and Terminals",50.5,60.4,42.9,76.7,2.2,0,4/4,16.5,17.19,4.11975,30.99,4.34,30.005,52.367,2.625,,148665478,n/a,,,2026-09-27
GTWL,Golden Textiles & Clothes Wool,Textile Mill Products,50.1,44.7,39.1,62.3,60.8,0.3,4/4,210.54,30.13,3.10478,12.03,11.37,22.972,25.456,0.802,0.24,82887703,n/a,,,2026-09-27
GOUR,Gourmet Egypt.Com Foods,Agriculture Production Livestock and Animal Specialties,50.0,,33.1,87.5,7.4,2.9,3/4,15.33,26.23,,,7.21,52.831,88.995,1.811,1.42,7797298,Strong Buy,15.23,-0.65,2026-09-27
ELKA,Cairo for Housing and Development Company (S.A.E),Real Estate,49.9,76.5,54.1,7.7,58.5,0,4/4,1.51,2.73,0.4519,18.04,221.15,-13.863,,0.138,,8931772,n/a,,,2026-09-27
GBCO,GB Corp,Motor Vehicles and Passenger Car Bodies,49.7,84.2,23.8,39.6,16.6,4.9,4/4,30,13.29,0.92704,6.94,2.64,31.45,-30.489,1.333,1.17,49593780,Buy,38.14,27.13,2026-09-27
NIPH,EI- Nile Co. for Pharmaceuticals and Chemical Industries,Pharmaceutical Preparations,49.4,16.0,58.6,89.8,16.9,2.0,4/4,306.01,63.72,13.86466,26.02,10.72,113.769,159.601,1.227,0.65,53646613,n/a,,,2026-09-27
NINH,Nozha International Hospital,Hospitals,49.4,22.7,68.1,54.9,49.6,0.9,4/4,19.42,34.62,7.31006,26.04,30.67,12.703,25.879,0.006,0.38,11627842,n/a,,,2026-09-27
MOIN,Mohandes Insurance Company,Insurance Carriers,49.1,39.0,53.9,33.0,74.8,1.8,4/4,34.37,23.66,4.51242,21.18,22.62,9.542,-7.429,0.006,0.62,27371271,n/a,,,2026-09-27
CNFN,Contact Financial Holding S.A.E.,Personal Credit Institutions,48.6,76.4,24.1,22.9,25.9,8.8,4/4,4.1,15.42,1.04502,9.77,5.42,14.845,-50.933,2.058,6.16,6912116,n/a,,,2026-09-27
AMER,Amer Group Holding Company S.A.E.,Real Estate,48.4,55.6,31.5,77.1,20.2,0,4/4,4.85,25.83,1.87525,15.59,9.97,16.779,276.011,0.922,,20203257,n/a,,,2026-09-27
IFAP,International Company for Agricultural Crops,Food and Kindred Products,47.4,50.4,34.8,49.2,52.9,1.6,4/4,19.9,18.97,2.2505,14.79,17.94,40.985,-10.717,0.104,0.61,6578582,n/a,,,2026-09-27
ICFC,International Company for Fertilizers and Chemicals S.A.E,Miscellaneous Non-durable Goods,47.4,,44.7,59.1,33.4,0,3/4,22.21,11.68,,24.28,5.62,45.735,3.928,0.137,,58582517,n/a,,,2026-09-27
TALM,Taaleem Management Services Company S.A.E.,Educational Services,46.8,39.8,54.0,45.8,47.9,0,4/4,19.99,23.87,3.64765,13.84,24.94,32.452,-15.892,0.622,,22907201,n/a,,,2026-09-27
EGAS,Egypt Gas Company SAE,Natural Gas Transmission and Distribution,45.8,68.0,10.9,51.6,42.2,3.0,4/4,57,24.34,1.64431,7.21,3.34,24.668,4.461,0.225,0.88,38198265,n/a,,,2026-09-27
EMFD,Emaar Misr for Development Company (S.A.E.),"Land Subdividers and Developers, Except Cemeteries",45.0,69.9,39.3,17.1,53.2,0,4/4,12.79,10.49,0.96982,10.53,30.8,-5.962,-38.438,0.052,,84795538,n/a,,,2026-09-27
UEGC,"El-Saeed Company for Contracting and Real Estate Investment ""SCCD"" (S.A.E.)",Heavy Construction Other Than Building Construction Contractors,45.0,76.5,23.3,29.9,50.8,0,4/4,1.47,24.73,0.77503,3.17,1.94,26.193,-60.694,1.262,,29016223,n/a,,,2026-09-27
NARE,Naeem Real Estate Holding Group,Engineering Services,43.8,52.4,47.1,22.5,55.1,0,4/4,17.36,20.32,0.88975,6.16,39.67,-3.547,-12.113,0.006,,10952302,n/a,,,2026-09-27
GPIM,GPI for Urban Growth,"Land Subdividers and Developers, Except Cemeteries",43.1,5.4,41.5,64.3,86.4,0,4/4,1.57,220.07,13.66726,8.33,25.76,153.296,4.419,0.002,,11733698,n/a,,,2026-09-27
EPCO,Egypt for Poultry,Poultry Slaughtering and Processing,42.7,14.5,8.6,99.1,73.1,0,4/4,9.84,330.99,5.73276,2.03,3.42,396.428,,,,11558566,n/a,,,2026-09-27
DOMT,Arabian Food Industries Company (DOMTY) - S.A.E,Food and Kindred Products,42.6,51.9,36.0,20.3,31.2,6.5,4/4,24.92,39.54,4.62755,13.95,1.84,5.466,-38.657,1.558,3.41,5973548,n/a,,,2026-09-27
CLHO,Cleopatra Hospitals Group S.A.E.,Hospitals,42.5,37.2,45.9,39.7,19.4,4.7,4/4,15.18,45.46,5.16131,20.02,6.01,26.814,-24.208,0.933,,16355296,Hold,17.48,15.15,2026-09-27
RMDA,Tenth of Ramadan for Pharmaceutical Industries and Diagnostic Reagents (Rameda) (S.A.E),Pharmaceutical Preparations,41.8,37.5,48.6,34.6,28.9,3.0,4/4,5.41,36.31,4.63188,14.95,6.86,22.686,-24.668,1.017,0.74,32329446,Buy,5.75,6.28,2026-09-27
GRCA,Grand Capital for Financial Investments,"Security Brokers, Dealers, and Flotation Companies",41.8,36.2,92.5,1.7,18.5,0,4/4,36.41,12.68,4.59971,41.62,312.55,-27.304,,,,9025274,n/a,,,2026-09-27
EFIC,Egyptian Financial and Industrial SAE,Agricultural Chemicals,41.1,43.3,38.0,19.0,46.4,5.0,4/4,159.45,53.14,5.13199,12.56,2.5,18.846,-74.358,2.675,2.28,66162661,n/a,,,2026-09-27
WKOL,Wadi Kom Ombo For Land Reclamation Co.,Heavy Construction Other Than Building Construction Contractors,40.8,13.7,41.5,7.2,96.6,8.0,4/4,308.99,151.76,9.6817,22.53,5.52,-14.721,-60.125,,4.88,5569545,n/a,,,2026-09-27
NAPR,National Printing Company S.A.E.,Paperboard Containers And Boxes,40.6,49.5,36.8,22.9,59.8,0,4/4,49.93,41.1,3.64585,12.62,3.41,2.245,-26.722,1.214,,39391125,n/a,,,2026-09-27
SKPC,Sidi Kerir Petrochemicals Co.,Industrial Organic Chemicals,40.5,57.5,17.8,13.2,66.2,4.7,4/4,16.34,35.13,2.72797,8.91,3.43,2.436,-73.579,0.352,3.06,92656820,Hold,17.33,6.06,2026-09-27
MIPH,MINAPHARM Pharmaceuticals,Pharmaceutical Preparations,39.3,64.8,26.8,20.5,39.0,0.8,4/4,766,26.61,1.31648,6.41,4.79,6.865,,0.726,0.33,7142950,n/a,,,2026-09-27
NHPS,National Company for Housing Professional Syndicates SAE,Real Estate,39.1,33.0,26.4,22.0,39.5,9.9,4/4,73.16,25.86,5.29136,19.79,,,-37.724,,10.25,9070962,n/a,,,2026-09-27
BTFH,Beltone Holding S.A.E,"Security and Commodity Brokers, Dealers, Exchanges, and Services",38.9,57.3,15.7,37.6,50.5,0,4/4,2.72,42.27,1.19013,3.49,5.37,107.669,-68.521,2.628,,75076415,n/a,,,2026-09-27
KRDI,AlKhair River for Development Agricultural Investment and Environmental Services,Agricultural Production Crops,37.9,46.7,25.9,19.4,74.8,0,4/4,0.405,34.43,1.66732,6.83,5.95,12.646,-60.027,0.324,,28455410,n/a,,,2026-09-27
AMES,Alexandria New Medical Center,"Miscellaneous Health And Allied Services, Not Elsewhere Classified",37.3,6.6,51.9,55.3,38.8,0.1,4/4,45.03,104.64,37.10674,19.86,10.88,17.862,19.089,0.07,0.22,54813668,n/a,,,2026-09-27
UNIP,Universal For Paper and Packaging Materials,"Converted Paper And Paperboard Products, Except Containers And Boxes",36.5,65.8,2.5,10.6,50.5,5.8,4/4,0.335,26.62,1.55229,,1.15,-8.265,-78.363,1.206,2.99,9089160,n/a,,,2026-09-27
BIOC,GlaxoSmithKline S.A.E,Pharmaceutical Preparations,36.1,22.3,30.3,54.3,40.5,0.7,4/4,238.37,102.52,9.12393,9.15,5.36,2.805,31.112,0.82,0.31,14643784,n/a,,,2026-09-27
CERA,The Arab Ceramic Co.,Structural Clay Products,35.7,60.7,20.9,23.8,35.0,0,4/4,1.22,39.75,2.813,7.28,1.4,20.402,-65.632,2.545,,111578822,n/a,,,2026-09-27
AFMC,Alexandria Flour Mills,Miscellaneous Food Preparations And Kindred Products,35.2,10.5,36.1,46.7,53.8,1.5,4/4,140.64,104.15,16.33756,19.49,11.55,13.519,6.902,,0.53,8545005,n/a,,,2026-09-27
ISMA,Ismailia / Misr Poultry Company S.A.E,,35.1,11.9,69.0,19.3,39.8,0,4/4,26.71,55.93,11.44279,23.11,75.95,-21.8,-25.712,0.536,,9127635,n/a,,,2026-09-27
ARAB,Arab Developers Holding,"Land Subdividers and Developers, Except Cemeteries",34.8,46.2,18.0,29.6,54.4,0,4/4,0.214,25.43,2.11596,4.52,6.09,-3.222,4.794,1.137,,44173854,n/a,,,2026-09-27
INFI,Ismailia National Co. for Food Industries,"Canned, Frozen, And Preserved Fruits, Vegetables, and Food Specialties",34.8,20.9,46.4,18.7,66.6,0.0,4/4,121.97,55.66,9.50405,17.64,11.43,3.284,-50.459,0.061,0.13,12239080,n/a,,,2026-09-27
NCCW,Nasr Company for Civil Works,Heavy Construction Other Than Building Construction Contractors,33.9,31.9,33.3,21.3,60.0,0,4/4,6.65,32.89,5.23372,16.99,18.0,-14.348,-24.775,0.336,,24035587,n/a,,,2026-09-27
SIPC,Sabaa International Company for Pharmaceutical and Chemical Industry,Pharmaceutical Preparations,33.9,6.0,15.5,82.9,45.1,0,4/4,4.82,566.37,11.99576,2.13,4.58,41.431,,0.236,,13136081,n/a,,,2026-09-27
EEII,Arab Engineering Industries,Refrigeration And Service Industry Machinery,32.8,38.6,17.7,7.6,64.8,4.3,4/4,2.16,139.2,3.12857,2.49,2.23,-18.529,-78.542,0.465,1.44,10561588,n/a,,,2026-09-27
SNFC,Sharkia National Company for Food Security,Grain Mill Products,31.8,1.7,20.8,58.0,70.6,0,4/4,11.33,884.04,39.60501,4.12,11.66,31.373,5.828,,,11289926,n/a,,,2026-09-27
KWIN,El Kahera El Watania Investment,"Investors, not elsewhere classified",31.2,20.4,42.5,31.9,28.8,0,4/4,84.14,198.5,4.29244,10.11,15.83,38.788,-79.132,0.398,,6861785,n/a,,,2026-09-27
OFH,O B Financial Holding S.A.E,"Security and Commodity Brokers, Dealers, Exchanges, and Services",30.9,51.2,7.4,4.7,80.5,0,4/4,0.91,54.12,1.35991,2.54,,,-83.694,0.001,,135359608,n/a,,,2026-09-27
FCMD,International Company For Medical Industries S.A.E.,"Orthopedic, Prosthetic, and Surgical Appliances and Supplies",27.0,15.5,18.3,48.7,31.0,0,4/4,7.32,149.83,11.85944,14.44,4.2,22.391,,0.194,,100908894,n/a,,,2026-09-27
AMII,Arabian Metal Industries and Industrial Investments,Miscellaneous Fabricated Metal Products,26.9,16.4,12.5,22.3,70.2,2.2,4/4,13.64,2292.7,8.75899,0.38,0.26,27.932,-88.945,0.484,0.73,22720844,n/a,,,2026-09-27
ICID,International Co. For Investment & Development,Real Estate,23.2,6.8,34.3,22.9,34.5,0,4/4,17.41,257.97,9.21384,5.57,48.84,16.273,-54.257,,,8270237,n/a,,,2026-09-27
KABO,El-Nasr Clothing & Textiles Co. (KABO),Apparel and Other Finished Products Made From Fabrics and Similar Materials,20.4,27.7,5.2,20.4,36.5,0,4/4,8.6,155.27,4.70231,2.36,2.3,21.364,-80.102,0.485,,10627450,n/a,,,2026-09-27
AFDI,Al Ahly for Development & Investment,"Security and Commodity Brokers, Dealers, Exchanges, and Services",18.6,33.9,15.1,5.8,16.4,0,4/4,51.5,220.42,2.86559,1.67,2.49,-3.534,-86.984,2.917,,5005028,n/a,,,2026-09-27
CRST,Creast Mark For Contracting And Real Estate Development,"Water, Sewer, Pipeline, and Communications and Power Line Construction",17.8,4.8,26.4,3.4,50.8,0,4/4,3.5,128.32,14.09944,3.23,20.14,-68.612,-81.212,0.047,,89608246,n/a,,,2026-09-27
IDRE,Ismailia Development and Real Estate Co,"Land Subdividers and Developers, Except Cemeteries",17.6,3.9,28.6,0.0,52.1,0,4/4,47.15,1822.17,11.40895,0.6,37.83,-76.117,-89.086,,,7983297,n/a,,,2026-09-27
MEPA,Medical Packaging Company,"Converted Paper And Paperboard Products, Except Containers And Boxes",17.2,17.9,15.2,3.1,43.2,0,4/4,1.7,205.07,4.96982,2.45,5.41,-25.131,-85.345,0.173,,8570941,n/a,,,2026-09-27
CCRS,Gulf Canadian Company for Arab Real Estate Investment,Real Estate,16.5,25.0,8.6,,15.1,0,3/4,2.42,163.76,4.69242,6.16,,,,,,5787408,n/a,,,2026-09-27
SPIN,Alexandria Spinning & Weaving Co.,Textile Mill Products,13.5,12.0,6.4,8.5,35.5,0.5,4/4,15.8,1146.68,7.56458,0.66,0.73,-10.15,,0.53,0.28,10637413,n/a,,,2026-09-27
